case_id,task,start_time,end_time,user
CASE-0001,Lead Created,2026-01-17 08:47:00,2026-01-17 09:41:45,bob
CASE-0001,Lead Reviewed,2026-01-17 10:33:16,2026-01-17 11:58:23,grace
CASE-0001,Manager Approval,2026-01-17 12:41:26,2026-01-17 18:09:05,harry
CASE-0001,Proposal Sent,2026-01-17 19:00:01,2026-01-17 19:44:04,leo
CASE-0001,Deal Closed,2026-01-17 20:43:54,2026-01-17 21:16:17,nancy
CASE-0002,Lead Created,2026-02-24 17:17:00,2026-02-24 18:59:50,alice
CASE-0002,Manager Approval,2026-02-25 00:13:17,2026-02-25 02:55:21,isabella
CASE-0002,Proposal Sent,2026-02-25 03:59:33,2026-02-25 04:44:53,kate
CASE-0002,Deal Closed,2026-02-25 06:45:26,2026-02-25 08:31:43,mike
CASE-0003,Manager Approval,2026-01-09 23:29:35,2026-01-10 03:35:08,harry
CASE-0003,Proposal Sent,2026-01-10 04:25:39,2026-01-10 05:02:31,kate
CASE-0003,Deal Closed,2026-01-10 07:40:49,2026-01-10 09:39:29,mike
CASE-0004,Lead Created,2026-02-10 15:40:00,2026-02-10 17:25:04,bob
CASE-0004,Lead Reviewed,2026-02-10 18:39:03,2026-02-10 20:45:41,frank
CASE-0004,Manager Approval,2026-02-10 22:58:13,2026-02-12 14:20:19,harry
CASE-0004,Proposal Sent,2026-02-12 15:24:28,2026-02-12 16:18:59,leo
CASE-0004,Deal Closed,2026-02-12 17:21:56,2026-02-12 18:53:52,nancy
CASE-0005,Lead Created,2025-12-30 08:14:00,2025-12-30 09:57:57,charlie
CASE-0005,Lead Reviewed,2025-12-30 10:41:51,2025-12-30 12:54:04,grace
CASE-0005,Manager Approval,2025-12-30 14:11:16,2025-12-30 19:34:11,isabella
CASE-0005,Proposal Sent,2025-12-30 21:02:02,2025-12-30 23:44:44,jack
CASE-0005,Deal Closed,2025-12-31 00:51:44,2025-12-31 01:45:34,nancy
CASE-0006,Lead Created,2026-01-08 14:57:00,2026-01-08 16:19:31,charlie
CASE-0006,Lead Reviewed,2026-01-08 20:19:00,2026-01-08 21:58:28,grace
CASE-0006,Manager Approval,2026-01-09 00:21:50,2026-01-09 03:49:54,harry
CASE-0006,Proposal Sent,2026-01-09 05:31:11,2026-01-09 07:35:18,kate
CASE-0006,Deal Closed,2026-01-09 09:03:01,2026-01-09 10:26:41,nancy
CASE-0007,Lead Created,2026-01-27 16:55:00,2026-01-27 18:49:49,alice
CASE-0007,Lead Reviewed,2026-01-27 21:12:34,2026-01-28 00:15:17,frank
CASE-0007,Manager Approval,2026-01-28 01:36:19,2026-01-29 00:08:31,harry
CASE-0007,Proposal Sent,2026-01-29 01:57:20,2026-01-29 04:50:24,kate
CASE-0007,Deal Closed,2026-01-29 07:14:42,2026-01-29 09:12:10,mike
CASE-0008,Lead Created,2025-12-28 12:53:00,2025-12-28 14:20:30,bob
CASE-0008,Lead Reviewed,2025-12-28 17:30:37,2025-12-28 18:58:08,grace
CASE-0008,Manager Approval,2025-12-28 21:46:30,2025-12-29 03:32:33,isabella
CASE-0008,Proposal Sent,2025-12-29 04:12:37,2025-12-29 05:55:55,kate
CASE-0008,Deal Closed,2025-12-29 08:30:40,2025-12-29 10:19:45,nancy
CASE-0009,Lead Created,2026-02-22 11:56:00,2026-02-22 13:17:03,alice
CASE-0009,Lead Reviewed,2026-02-22 15:29:07,2026-02-22 16:44:32,eve
CASE-0009,Manager Approval,2026-02-22 18:34:26,2026-02-24 12:12:54,harry
CASE-0009,Proposal Sent,2026-02-24 14:01:25,2026-02-24 15:11:10,kate
CASE-0009,Deal Closed,2026-02-24 18:00:30,2026-02-24 19:57:18,mike
CASE-0010,Lead Created,2026-01-11 14:42:00,2026-01-11 16:10:29,diana
CASE-0010,Lead Reviewed,2026-01-11 18:15:18,2026-01-11 21:57:13,eve
CASE-0010,Manager Approval,2026-01-11 23:17:56,2026-01-12 01:25:21,harry
CASE-0010,Proposal Sent,2026-01-12 01:56:00,2026-01-12 03:54:16,leo
CASE-0010,Deal Closed,2026-01-12 04:58:36,2026-01-12 06:25:24,mike
CASE-0011,Lead Created,2025-12-29 09:32:00,2025-12-29 10:23:25,diana
CASE-0011,Lead Reviewed,2025-12-29 11:21:12,2025-12-29 12:59:46,grace
CASE-0011,Manager Approval,2025-12-29 14:06:13,2025-12-29 17:59:04,isabella
CASE-0011,Proposal Sent,2025-12-29 18:37:48,2025-12-29 19:36:22,kate
CASE-0011,Deal Closed,2025-12-29 21:08:01,2025-12-29 22:09:55,mike
CASE-0012,Lead Created,2026-01-14 09:03:00,2026-01-14 10:09:14,charlie
CASE-0012,Lead Reviewed,2026-01-14 11:02:10,2026-01-14 14:26:17,eve
CASE-0012,Manager Approval,2026-01-14 16:03:34,2026-01-14 18:00:38,isabella
CASE-0012,Proposal Sent,2026-01-14 19:49:20,2026-01-14 21:28:44,jack
CASE-0012,Deal Closed,2026-01-15 00:07:56,2026-01-15 01:17:49,mike
CASE-0013,Lead Created,2026-03-11 16:53:00,2026-03-11 17:24:19,alice
CASE-0013,Lead Reviewed,2026-03-11 20:52:33,2026-03-12 00:39:18,eve
CASE-0013,Manager Approval,2026-03-12 02:21:30,2026-03-12 05:23:25,harry
CASE-0013,Proposal Sent,2026-03-12 05:53:37,2026-03-12 06:48:19,kate
CASE-0013,Deal Closed,2026-03-12 09:15:55,2026-03-12 10:09:47,nancy
CASE-0014,Lead Created,2026-02-18 16:42:00,2026-02-18 18:16:39,bob
CASE-0014,Lead Reviewed,2026-02-18 19:32:22,2026-02-18 21:06:33,eve
CASE-0014,Manager Approval,2026-02-18 22:57:53,2026-02-19 02:51:38,harry
CASE-0014,Proposal Sent,2026-02-19 04:04:32,2026-02-19 04:42:04,leo
CASE-0014,Deal Closed,2026-02-19 07:36:11,2026-02-19 08:20:21,mike
CASE-0015,Lead Created,2025-12-29 09:38:00,2025-12-29 10:14:06,bob
CASE-0015,Lead Reviewed,2025-12-29 14:01:51,2025-12-29 16:14:31,grace
CASE-0015,Manager Approval,2025-12-29 18:13:42,2025-12-29 20:27:34,isabella
CASE-0015,Proposal Sent,2025-12-29 21:48:26,2025-12-29 23:57:03,kate
CASE-0015,Deal Closed,2025-12-30 00:57:41,2025-12-30 02:51:48,nancy
CASE-0016,Lead Created,2026-02-23 14:08:00,2026-02-23 15:38:27,charlie
CASE-0016,Lead Reviewed,2026-02-23 19:23:32,2026-02-23 21:45:50,eve
CASE-0016,Manager Approval,2026-02-23 23:49:01,2026-02-24 00:51:48,harry
CASE-0016,Proposal Sent,2026-02-24 01:40:59,2026-02-24 02:21:59,kate
CASE-0016,Deal Closed,2026-02-24 03:44:20,2026-02-24 04:26:15,mike
CASE-0017,Lead Created,2025-12-27 13:18:00,2025-12-27 14:02:11,charlie
CASE-0017,Lead Reviewed,2025-12-27 17:59:30,2025-12-27 20:49:37,grace
CASE-0017,Manager Approval,2025-12-27 22:59:47,2025-12-28 02:38:28,harry
CASE-0017,Proposal Sent,2025-12-28 03:20:33,2025-12-28 06:11:24,jack
CASE-0017,Deal Closed,2025-12-28 08:32:46,2025-12-28 10:22:50,mike
CASE-0018,Lead Created,2026-02-19 17:13:00,2026-02-19 18:47:35,bob
CASE-0018,Lead Reviewed,2026-02-19 22:16:41,2026-02-20 01:20:26,grace
CASE-0018,Manager Approval,2026-02-20 04:06:14,2026-02-20 07:32:48,harry
CASE-0018,Proposal Sent,2026-02-20 09:17:26,2026-02-20 11:22:35,jack
CASE-0018,Deal Closed,2026-02-20 13:48:15,2026-02-20 14:18:34,nancy
CASE-0019,Lead Created,2026-03-01 15:35:00,2026-03-01 17:08:30,alice
CASE-0019,Lead Reviewed,2026-03-01 20:56:58,2026-03-01 22:17:06,grace
CASE-0019,Manager Approval,2026-03-02 00:08:56,2026-03-02 05:40:07,harry
CASE-0019,Proposal Sent,2026-03-02 06:13:53,2026-03-02 07:48:21,kate
CASE-0019,Deal Closed,2026-03-02 10:17:46,2026-03-02 12:08:41,mike
CASE-0020,Lead Created,2025-12-25 11:43:00,2025-12-25 12:35:27,alice
CASE-0020,Lead Reviewed,2025-12-25 15:03:01,2025-12-25 17:06:41,frank
CASE-0020,Manager Approval,2025-12-25 19:29:07,2025-12-26 01:21:16,harry
CASE-0020,Proposal Sent,2025-12-26 03:19:07,2025-12-26 05:58:49,jack
CASE-0020,Deal Closed,2025-12-26 06:32:32,2025-12-26 08:21:51,nancy
CASE-0021,Lead Created,2026-01-05 14:51:00,2026-01-05 16:21:17,bob
CASE-0021,Lead Reviewed,2026-01-05 19:36:38,2026-01-05 21:24:39,eve
CASE-0021,Manager Approval,2026-01-05 22:00:28,2026-01-06 00:55:14,harry
CASE-0021,Proposal Sent,2026-01-06 02:06:39,2026-01-06 04:39:09,kate
CASE-0021,Deal Closed,2026-01-06 07:19:51,2026-01-06 09:03:41,mike
CASE-0022,Lead Created,2026-03-14 11:25:00,2026-03-14 12:24:32,alice
CASE-0022,Lead Reviewed,2026-03-14 13:53:09,2026-03-14 17:47:11,grace
CASE-0022,Manager Approval,2026-03-14 19:59:07,2026-03-14 23:31:56,isabella
CASE-0022,Proposal Sent,2026-03-15 00:12:19,2026-03-15 03:03:12,kate
CASE-0022,Deal Closed,2026-03-15 05:57:35,2026-03-15 06:43:40,nancy
CASE-0023,Lead Created,2026-03-13 17:27:00,2026-03-13 18:28:06,charlie
CASE-0023,Lead Reviewed,2026-03-13 22:24:48,2026-03-14 00:43:21,eve
CASE-0023,Manager Approval,2026-03-14 02:39:50,2026-03-15 19:06:22,harry
CASE-0023,Proposal Sent,2026-03-15 20:48:57,2026-03-15 22:36:56,leo
CASE-0023,Deal Closed,2026-03-16 00:58:14,2026-03-16 02:32:59,mike
CASE-0024,Lead Created,2026-02-11 09:42:00,2026-02-11 11:34:52,charlie
CASE-0024,Lead Reviewed,2026-02-11 12:31:02,2026-02-11 15:30:27,frank
CASE-0024,Manager Approval,2026-02-11 17:40:29,2026-02-13 10:18:35,harry
CASE-0024,Proposal Sent,2026-02-13 11:48:26,2026-02-13 12:47:12,kate
CASE-0024,Deal Closed,2026-02-13 15:32:37,2026-02-13 17:03:35,nancy
CASE-0025,Lead Created,2026-02-07 08:19:00,2026-02-07 09:14:49,diana
CASE-0025,Lead Reviewed,2026-02-07 11:52:13,2026-02-07 15:13:39,frank
CASE-0025,Manager Approval,2026-02-07 16:49:58,2026-02-09 01:11:33,harry
CASE-0025,Proposal Sent,2026-02-09 02:07:06,2026-02-09 04:15:55,leo
CASE-0025,Deal Closed,2026-02-09 05:36:12,2026-02-09 07:03:10,mike
CASE-0026,Lead Created,2026-01-14 11:51:00,2026-01-14 12:38:55,alice
CASE-0026,Lead Reviewed,2026-01-14 16:35:32,2026-01-14 17:43:52,grace
CASE-0026,Manager Approval,2026-01-14 18:24:47,2026-01-14 23:39:42,harry
CASE-0026,Proposal Sent,2026-01-15 00:44:16,2026-01-15 03:02:01,kate
CASE-0026,Deal Closed,2026-01-15 05:10:25,2026-01-15 06:02:23,mike
CASE-0027,Lead Created,2025-12-26 09:49:00,2025-12-26 10:57:15,bob
CASE-0027,Lead Reviewed,2025-12-26 13:53:24,2025-12-26 17:18:08,frank
CASE-0027,Manager Approval,2025-12-26 18:25:31,2025-12-26 19:40:35,isabella
CASE-0027,Proposal Sent,2025-12-26 20:52:24,2025-12-26 21:42:24,leo
CASE-0027,Deal Closed,2025-12-26 23:41:43,2025-12-27 01:40:38,nancy
CASE-0028,Lead Created,2026-01-20 16:27:00,2026-01-20 18:11:45,diana
CASE-0028,Lead Reviewed,2026-01-20 21:17:55,2026-01-21 00:59:24,frank
CASE-0028,Manager Approval,2026-01-21 03:22:10,2026-01-21 06:37:12,isabella
CASE-0028,Proposal Sent,2026-01-21 07:54:07,2026-01-21 10:18:59,leo
CASE-0028,Deal Closed,2026-01-21 11:54:58,2026-01-21 12:46:30,nancy
CASE-0029,Lead Created,2026-02-23 13:20:00,2026-02-23 15:10:22,alice
CASE-0029,Lead Reviewed,2026-02-23 16:28:56,2026-02-23 17:53:50,grace
CASE-0029,Manager Approval,2026-02-23 18:55:56,2026-02-23 20:41:46,isabella
CASE-0029,Proposal Sent,2026-02-23 21:49:11,2026-02-23 23:40:35,jack
CASE-0029,Deal Closed,2026-02-24 01:09:00,2026-02-24 02:53:58,mike
CASE-0030,Lead Created,2025-12-29 17:24:00,2025-12-29 18:36:55,charlie
CASE-0030,Lead Reviewed,2025-12-29 20:28:49,2025-12-29 22:22:34,frank
CASE-0030,Manager Approval,2025-12-30 00:42:46,2025-12-30 04:24:14,harry
CASE-0030,Proposal Sent,2025-12-30 05:18:48,2025-12-30 07:02:02,kate
CASE-0030,Deal Closed,2025-12-30 08:22:27,2025-12-30 08:55:04,nancy
CASE-0031,Lead Created,2026-01-10 15:58:00,2026-01-10 16:39:29,alice
CASE-0031,Lead Reviewed,2026-01-10 19:13:47,2026-01-10 22:57:01,grace
CASE-0031,Manager Approval,2026-01-11 01:03:26,2026-01-12 06:48:50,harry
CASE-0031,Proposal Sent,2026-01-12 07:48:18,2026-01-12 08:57:19,kate
CASE-0031,Deal Closed,2026-01-12 11:21:30,2026-01-12 12:20:55,nancy
CASE-0032,Lead Created,2026-02-19 14:16:00,2026-02-19 16:01:08,diana
CASE-0032,Lead Reviewed,2026-02-19 18:24:25,2026-02-19 19:27:54,frank
CASE-0032,Manager Approval,2026-02-19 20:08:12,2026-02-19 22:15:28,harry
CASE-0032,Proposal Sent,2026-02-20 00:10:56,2026-02-20 02:34:04,jack
CASE-0032,Deal Closed,2026-02-20 04:37:16,2026-02-20 06:22:47,mike
CASE-0033,Lead Created,2026-03-05 09:36:00,2026-03-05 11:31:17,diana
CASE-0033,Lead Reviewed,2026-03-05 14:42:20,2026-03-05 17:48:15,eve
CASE-0033,Manager Approval,2026-03-05 20:42:48,2026-03-06 00:44:34,harry
CASE-0033,Proposal Sent,2026-03-06 01:24:18,2026-03-06 04:19:00,jack
CASE-0033,Deal Closed,2026-03-06 06:15:23,2026-03-06 08:08:59,nancy
CASE-0034,Lead Created,2026-02-08 11:04:00,2026-02-08 12:27:17,bob
CASE-0034,Lead Reviewed,2026-02-08 15:39:30,2026-02-08 16:57:51,grace
CASE-0034,Manager Approval,2026-02-08 17:46:00,2026-02-08 21:46:08,harry
CASE-0034,Proposal Sent,2026-02-08 22:54:41,2026-02-09 00:16:46,kate
CASE-0034,Deal Closed,2026-02-09 02:23:53,2026-02-09 03:00:06,mike
CASE-0035,Lead Created,2025-12-30 15:06:00,2025-12-30 16:15:01,charlie
CASE-0035,Lead Reviewed,2025-12-30 19:39:02,2025-12-30 22:33:27,grace
CASE-0035,Manager Approval,2025-12-30 23:29:52,2025-12-31 01:15:46,isabella
CASE-0035,Proposal Sent,2025-12-31 03:08:32,2025-12-31 05:10:55,kate
CASE-0035,Deal Closed,2025-12-31 07:44:46,2025-12-31 08:56:37,nancy
CASE-0036,Lead Created,2026-02-15 11:53:00,2026-02-15 13:47:06,charlie
CASE-0036,Lead Reviewed,2026-02-15 15:08:19,2026-02-15 18:47:01,frank
CASE-0036,Manager Approval,2026-02-15 20:57:14,2026-02-17 06:35:54,isabella
CASE-0036,Proposal Sent,2026-02-17 07:24:59,2026-02-17 08:22:16,kate
CASE-0036,Deal Closed,2026-02-17 11:04:19,2026-02-17 12:04:57,nancy
CASE-0037,Lead Created,2026-01-25 16:12:00,2026-01-25 16:49:42,diana
CASE-0037,Lead Reviewed,2026-01-25 19:58:55,2026-01-25 22:26:51,grace
CASE-0037,Manager Approval,2026-01-26 00:43:38,2026-01-26 04:06:28,harry
CASE-0037,Proposal Sent,2026-01-26 04:56:24,2026-01-26 05:40:22,leo
CASE-0037,Deal Closed,2026-01-26 07:49:57,2026-01-26 08:41:51,nancy
CASE-0038,Lead Created,2026-02-01 16:22:00,2026-02-01 17:30:17,charlie
CASE-0038,Lead Reviewed,2026-02-01 19:35:34,2026-02-01 21:38:54,frank
CASE-0038,Manager Approval,2026-02-01 22:27:00,2026-02-02 17:00:39,harry
CASE-0038,Proposal Sent,2026-02-02 18:37:08,2026-02-02 19:35:52,kate
CASE-0038,Deal Closed,2026-02-02 22:32:21,2026-02-03 00:07:34,nancy
CASE-0039,Lead Created,2025-12-18 11:18:00,2025-12-18 12:08:28,bob
CASE-0039,Lead Reviewed,2025-12-18 15:07:09,2025-12-18 17:01:33,eve
CASE-0039,Manager Approval,2025-12-18 19:57:42,2025-12-18 22:20:00,harry
CASE-0039,Proposal Sent,2025-12-18 23:57:45,2025-12-19 02:03:26,jack
CASE-0039,Deal Closed,2025-12-19 03:59:32,2025-12-19 05:48:05,nancy
CASE-0040,Lead Created,2026-02-01 13:11:00,2026-02-01 15:07:53,charlie
CASE-0040,Lead Reviewed,2026-02-01 17:18:13,2026-02-01 21:07:36,eve
CASE-0040,Manager Approval,2026-02-01 21:48:43,2026-02-02 00:48:56,harry
CASE-0040,Proposal Sent,2026-02-02 02:31:56,2026-02-02 03:24:41,kate
CASE-0040,Deal Closed,2026-02-02 04:31:55,2026-02-02 05:09:35,nancy
CASE-0041,Lead Created,2026-01-20 17:14:00,2026-01-20 18:53:48,diana
CASE-0041,Lead Reviewed,2026-01-20 20:56:47,2026-01-20 23:17:52,grace
CASE-0041,Manager Approval,2026-01-21 00:33:41,2026-01-21 06:30:41,harry
CASE-0041,Proposal Sent,2026-01-21 07:19:23,2026-01-21 10:11:31,jack
CASE-0041,Deal Closed,2026-01-21 10:53:42,2026-01-21 11:47:31,mike
CASE-0042,Lead Created,2026-02-28 09:10:00,2026-02-28 09:40:14,diana
CASE-0042,Lead Reviewed,2026-02-28 11:48:55,2026-02-28 14:53:00,eve
CASE-0042,Manager Approval,2026-02-28 17:09:03,2026-02-28 19:18:29,isabella
CASE-0042,Proposal Sent,2026-02-28 20:09:30,2026-02-28 20:50:10,kate
CASE-0042,Deal Closed,2026-02-28 22:53:56,2026-03-01 00:34:50,mike
CASE-0043,Lead Created,2026-02-06 16:14:00,2026-02-06 17:42:17,charlie
CASE-0043,Lead Reviewed,2026-02-06 18:27:16,2026-02-06 21:56:04,eve
CASE-0043,Manager Approval,2026-02-06 23:55:20,2026-02-07 04:53:07,isabella
CASE-0043,Proposal Sent,2026-02-07 06:05:18,2026-02-07 07:41:10,kate
CASE-0043,Deal Closed,2026-02-07 10:32:34,2026-02-07 12:05:33,nancy
CASE-0044,Lead Created,2026-02-05 17:02:00,2026-02-05 18:52:02,charlie
CASE-0044,Lead Reviewed,2026-02-05 19:27:28,2026-02-05 22:16:08,eve
CASE-0044,Manager Approval,2026-02-06 00:51:32,2026-02-06 06:40:06,harry
CASE-0044,Proposal Sent,2026-02-06 08:10:37,2026-02-06 11:10:33,kate
CASE-0044,Deal Closed,2026-02-06 13:35:01,2026-02-06 14:56:53,mike
CASE-0045,Lead Created,2026-02-02 15:58:00,2026-02-02 16:53:02,diana
CASE-0045,Lead Reviewed,2026-02-02 19:06:17,2026-02-02 22:00:33,eve
CASE-0045,Manager Approval,2026-02-02 23:31:48,2026-02-03 18:38:44,harry
CASE-0045,Proposal Sent,2026-02-03 20:11:10,2026-02-03 21:30:39,kate
CASE-0045,Deal Closed,2026-02-03 23:00:43,2026-02-04 00:30:21,mike
CASE-0046,Lead Created,2026-02-03 13:16:00,2026-02-03 14:15:05,diana
CASE-0046,Lead Reviewed,2026-02-03 17:38:19,2026-02-03 21:14:00,eve
CASE-0046,Manager Approval,2026-02-03 23:05:24,2026-02-04 03:22:42,harry
CASE-0046,Proposal Sent,2026-02-04 04:48:44,2026-02-04 06:36:30,kate
CASE-0046,Deal Closed,2026-02-04 09:00:30,2026-02-04 10:26:47,mike
CASE-0047,Lead Created,2026-02-20 10:59:00,2026-02-20 11:54:55,diana
CASE-0047,Lead Reviewed,2026-02-20 15:49:17,2026-02-20 17:11:08,grace
CASE-0047,Manager Approval,2026-02-20 19:27:36,2026-02-21 12:56:56,isabella
CASE-0047,Proposal Sent,2026-02-21 14:56:14,2026-02-21 15:40:13,jack
CASE-0047,Deal Closed,2026-02-21 16:27:50,2026-02-21 17:39:22,mike
CASE-0048,Lead Created,2026-01-30 12:32:00,2026-01-30 14:05:29,diana
CASE-0048,Lead Reviewed,2026-01-30 18:01:20,2026-01-30 21:31:35,eve
CASE-0048,Manager Approval,2026-01-30 22:23:17,2026-02-01 11:14:58,harry
CASE-0048,Proposal Sent,2026-02-01 12:09:50,2026-02-01 14:49:26,kate
CASE-0048,Deal Closed,2026-02-01 17:17:36,2026-02-01 18:18:11,nancy
CASE-0049,Lead Created,2026-01-01 12:46:00,2026-01-01 13:42:52,diana
CASE-0049,Lead Reviewed,2026-01-01 15:46:38,2026-01-01 19:22:23,frank
CASE-0049,Manager Approval,2026-01-01 21:15:10,2026-01-01 23:58:43,isabella
CASE-0049,Proposal Sent,2026-01-02 01:46:58,2026-01-02 04:36:54,leo
CASE-0049,Deal Closed,2026-01-02 06:04:21,2026-01-02 06:55:50,nancy
CASE-0050,Lead Created,2026-03-12 15:45:00,2026-03-12 17:37:12,diana
CASE-0050,Lead Reviewed,2026-03-12 20:26:35,2026-03-12 22:36:04,grace
CASE-0050,Manager Approval,2026-03-13 00:20:22,2026-03-14 12:19:34,isabella
CASE-0050,Proposal Sent,2026-03-14 14:08:14,2026-03-14 16:48:42,kate
CASE-0050,Deal Closed,2026-03-14 19:35:16,2026-03-14 20:14:14,mike
CASE-0051,Lead Created,2026-01-10 14:55:00,2026-01-10 16:23:55,bob
CASE-0051,Lead Reviewed,2026-01-10 19:38:03,2026-01-10 20:51:31,frank
CASE-0051,Manager Approval,2026-01-10 23:05:25,2026-01-11 01:46:59,isabella
CASE-0051,Proposal Sent,2026-01-11 03:34:20,2026-01-11 06:12:11,kate
CASE-0051,Deal Closed,2026-01-11 08:16:12,2026-01-11 10:12:04,nancy
CASE-0052,Lead Created,2025-12-27 08:39:00,2025-12-27 09:15:09,charlie
CASE-0052,Lead Reviewed,2025-12-27 12:21:58,2025-12-27 16:21:30,frank
CASE-0052,Manager Approval,2025-12-27 18:45:34,2025-12-28 00:39:04,harry
CASE-0052,Proposal Sent,2025-12-28 02:11:31,2025-12-28 03:48:05,jack
CASE-0052,Deal Closed,2025-12-28 06:17:30,2025-12-28 06:51:38,nancy
CASE-0053,Lead Created,2026-02-12 14:09:00,2026-02-12 15:00:58,diana
CASE-0053,Lead Reviewed,2026-02-12 18:17:24,2026-02-12 20:59:16,eve
CASE-0053,Manager Approval,2026-02-12 23:00:41,2026-02-13 00:53:13,harry
CASE-0053,Proposal Sent,2026-02-13 02:15:42,2026-02-13 04:00:21,jack
CASE-0053,Deal Closed,2026-02-13 05:08:26,2026-02-13 06:19:57,nancy
CASE-0054,Lead Created,2026-01-15 15:57:00,2026-01-15 16:52:53,bob
CASE-0054,Lead Reviewed,2026-01-15 20:41:23,2026-01-15 21:54:40,grace
CASE-0054,Manager Approval,2026-01-16 00:48:59,2026-01-16 03:18:43,isabella
CASE-0054,Proposal Sent,2026-01-16 04:06:39,2026-01-16 06:43:27,kate
CASE-0054,Deal Closed,2026-01-16 07:29:27,2026-01-16 09:16:15,nancy
CASE-0055,Lead Created,2026-01-24 17:18:00,2026-01-24 19:17:20,charlie
CASE-0055,Lead Reviewed,2026-01-24 22:41:39,2026-01-24 23:45:35,frank
CASE-0055,Manager Approval,2026-01-25 01:40:29,2026-01-25 04:02:49,harry
CASE-0055,Proposal Sent,2026-01-25 05:39:53,2026-01-25 08:26:29,kate
CASE-0055,Deal Closed,2026-01-25 09:31:00,2026-01-25 11:10:49,nancy
CASE-0056,Lead Created,2026-02-24 11:39:00,2026-02-24 12:31:33,bob
CASE-0056,Lead Reviewed,2026-02-24 16:11:16,2026-02-24 19:04:21,grace
CASE-0056,Manager Approval,2026-02-24 21:32:38,2026-02-25 23:52:34,harry
CASE-0056,Proposal Sent,2026-02-26 00:49:08,2026-02-26 01:32:39,leo
CASE-0056,Deal Closed,2026-02-26 02:32:46,2026-02-26 03:40:10,nancy
CASE-0057,Lead Created,2026-01-27 12:53:00,2026-01-27 13:37:48,diana
CASE-0057,Lead Reviewed,2026-01-27 15:09:47,2026-01-27 19:03:55,frank
CASE-0057,Manager Approval,2026-01-27 20:44:10,2026-01-29 16:54:24,harry
CASE-0057,Proposal Sent,2026-01-29 18:29:35,2026-01-29 21:08:36,kate
CASE-0057,Deal Closed,2026-01-29 23:39:17,2026-01-30 01:36:20,nancy
CASE-0058,Lead Created,2026-03-08 14:00:00,2026-03-08 14:53:48,alice
CASE-0058,Lead Reviewed,2026-03-08 17:45:05,2026-03-08 20:06:57,grace
CASE-0058,Manager Approval,2026-03-08 21:34:06,2026-03-08 23:52:45,isabella
CASE-0058,Proposal Sent,2026-03-09 00:43:48,2026-03-09 01:30:03,jack
CASE-0058,Deal Closed,2026-03-09 04:21:31,2026-03-09 05:47:17,nancy
CASE-0059,Lead Created,2025-12-24 11:41:00,2025-12-24 12:16:41,diana
CASE-0059,Lead Reviewed,2025-12-24 13:50:08,2025-12-24 17:33:50,frank
CASE-0059,Manager Approval,2025-12-24 18:10:38,2025-12-26 19:36:50,harry
CASE-0059,Proposal Sent,2025-12-26 21:26:42,2025-12-26 22:11:16,jack
CASE-0059,Deal Closed,2025-12-26 23:36:55,2025-12-27 00:41:54,nancy
CASE-0060,Lead Created,2026-01-22 10:56:00,2026-01-22 12:03:20,alice
CASE-0060,Lead Reviewed,2026-01-22 14:42:37,2026-01-22 18:12:41,frank
CASE-0060,Manager Approval,2026-01-22 19:38:16,2026-01-22 20:48:05,harry
CASE-0060,Proposal Sent,2026-01-22 21:27:01,2026-01-23 00:05:20,leo
CASE-0060,Deal Closed,2026-01-23 02:50:35,2026-01-23 03:53:39,nancy
CASE-0061,Lead Created,2026-03-11 12:12:00,2026-03-11 14:09:08,diana
CASE-0061,Lead Reviewed,2026-03-11 15:23:40,2026-03-11 16:40:10,grace
CASE-0061,Manager Approval,2026-03-11 17:13:23,2026-03-11 21:12:31,harry
CASE-0061,Proposal Sent,2026-03-11 22:53:21,2026-03-12 01:51:40,jack
CASE-0061,Deal Closed,2026-03-12 04:16:27,2026-03-12 04:52:37,mike
CASE-0062,Lead Created,2026-01-22 11:21:00,2026-01-22 13:00:41,alice
CASE-0062,Lead Reviewed,2026-01-22 16:57:20,2026-01-22 18:47:14,eve
CASE-0062,Manager Approval,2026-01-22 21:17:01,2026-01-24 20:10:37,harry
CASE-0062,Proposal Sent,2026-01-24 21:51:42,2026-01-24 22:23:56,jack
CASE-0062,Deal Closed,2026-01-24 22:56:18,2026-01-25 00:19:18,nancy
CASE-0063,Lead Created,2026-03-11 14:33:00,2026-03-11 15:13:13,alice
CASE-0063,Lead Reviewed,2026-03-11 18:26:36,2026-03-11 20:52:20,grace
CASE-0063,Manager Approval,2026-03-11 22:30:08,2026-03-13 12:36:52,isabella
CASE-0063,Proposal Sent,2026-03-13 14:33:37,2026-03-13 16:12:20,jack
CASE-0063,Deal Closed,2026-03-13 18:49:25,2026-03-13 20:49:18,nancy
CASE-0064,Lead Created,2026-01-13 15:45:00,2026-01-13 17:36:52,alice
CASE-0064,Lead Reviewed,2026-01-13 19:14:30,2026-01-13 22:56:23,eve
CASE-0064,Manager Approval,2026-01-14 00:07:38,2026-01-14 01:27:20,isabella
CASE-0064,Proposal Sent,2026-01-14 02:51:06,2026-01-14 04:18:14,kate
CASE-0064,Deal Closed,2026-01-14 06:19:03,2026-01-14 07:29:53,mike
CASE-0065,Lead Created,2026-01-04 09:54:00,2026-01-04 11:22:55,bob
CASE-0065,Lead Reviewed,2026-01-04 14:59:25,2026-01-04 17:16:50,frank
CASE-0065,Manager Approval,2026-01-04 18:54:51,2026-01-04 21:36:32,harry
CASE-0065,Proposal Sent,2026-01-04 22:34:40,2026-01-04 23:51:32,kate
CASE-0065,Deal Closed,2026-01-05 00:44:26,2026-01-05 01:48:07,nancy
CASE-0066,Lead Created,2026-03-10 09:05:00,2026-03-10 10:13:52,charlie
CASE-0066,Lead Reviewed,2026-03-10 12:40:42,2026-03-10 16:06:49,grace
CASE-0066,Manager Approval,2026-03-10 18:01:04,2026-03-10 23:48:03,isabella
CASE-0066,Proposal Sent,2026-03-11 01:17:56,2026-03-11 02:40:59,kate
CASE-0066,Deal Closed,2026-03-11 04:59:08,2026-03-11 06:47:16,nancy
CASE-0067,Lead Created,2026-01-21 13:06:00,2026-01-21 14:28:00,bob
CASE-0067,Lead Reviewed,2026-01-21 16:39:16,2026-01-21 18:07:07,eve
CASE-0067,Manager Approval,2026-01-21 20:00:33,2026-01-22 20:47:18,harry
CASE-0067,Proposal Sent,2026-01-22 22:33:22,2026-01-23 01:04:27,leo
CASE-0067,Deal Closed,2026-01-23 03:10:51,2026-01-23 04:36:04,mike
CASE-0068,Lead Created,2026-01-20 12:01:00,2026-01-20 12:47:14,charlie
CASE-0068,Lead Reviewed,2026-01-20 14:30:57,2026-01-20 18:16:49,eve
CASE-0068,Manager Approval,2026-01-20 20:11:46,2026-01-21 01:32:44,harry
CASE-0068,Proposal Sent,2026-01-21 03:30:11,2026-01-21 05:51:20,jack
CASE-0068,Deal Closed,2026-01-21 06:53:36,2026-01-21 08:30:45,nancy
CASE-0069,Lead Created,2026-02-03 10:23:00,2026-02-03 11:21:02,charlie
CASE-0069,Lead Reviewed,2026-02-03 13:50:14,2026-02-03 17:10:04,eve
CASE-0069,Manager Approval,2026-02-03 18:03:24,2026-02-03 23:28:24,harry
CASE-0069,Proposal Sent,2026-02-04 00:22:54,2026-02-04 02:33:59,leo
CASE-0069,Deal Closed,2026-02-04 04:35:03,2026-02-04 05:43:13,nancy
CASE-0070,Lead Created,2026-02-19 16:07:00,2026-02-19 17:08:03,alice
CASE-0070,Lead Reviewed,2026-02-19 20:00:32,2026-02-19 21:51:31,frank
CASE-0070,Manager Approval,2026-02-19 23:07:47,2026-02-22 02:12:16,harry
CASE-0070,Proposal Sent,2026-02-22 03:09:24,2026-02-22 03:40:33,jack
CASE-0070,Deal Closed,2026-02-22 06:05:10,2026-02-22 07:44:14,nancy
CASE-0071,Lead Created,2026-02-14 08:31:00,2026-02-14 10:08:13,bob
CASE-0071,Lead Reviewed,2026-02-14 12:30:04,2026-02-14 13:53:19,eve
CASE-0071,Manager Approval,2026-02-14 16:28:19,2026-02-14 19:58:24,harry
CASE-0071,Proposal Sent,2026-02-14 21:35:11,2026-02-14 23:04:45,kate
CASE-0071,Deal Closed,2026-02-15 01:52:55,2026-02-15 02:24:36,nancy
CASE-0072,Lead Created,2026-01-23 17:25:00,2026-01-23 18:58:51,diana
CASE-0072,Lead Reviewed,2026-01-23 20:53:54,2026-01-23 22:46:01,frank
CASE-0072,Manager Approval,2026-01-24 01:38:09,2026-01-24 03:29:43,isabella
CASE-0072,Proposal Sent,2026-01-24 05:15:43,2026-01-24 05:58:57,jack
CASE-0072,Deal Closed,2026-01-24 07:29:01,2026-01-24 08:38:13,mike
CASE-0073,Lead Created,2026-02-08 12:47:00,2026-02-08 13:47:33,charlie
CASE-0073,Lead Reviewed,2026-02-08 14:33:35,2026-02-08 17:53:50,grace
CASE-0073,Manager Approval,2026-02-08 19:40:19,2026-02-08 21:14:32,isabella
CASE-0073,Proposal Sent,2026-02-08 23:10:46,2026-02-09 00:33:26,leo
CASE-0073,Deal Closed,2026-02-09 01:38:52,2026-02-09 03:22:14,mike
CASE-0074,Lead Created,2026-02-21 10:38:00,2026-02-21 11:21:45,alice
CASE-0074,Lead Reviewed,2026-02-21 14:34:03,2026-02-21 16:05:56,frank
CASE-0074,Manager Approval,2026-02-21 18:00:30,2026-02-21 21:19:41,isabella
CASE-0074,Proposal Sent,2026-02-21 22:46:08,2026-02-22 01:25:46,jack
CASE-0074,Deal Closed,2026-02-22 03:06:06,2026-02-22 04:15:41,nancy
CASE-0075,Lead Created,2026-01-03 17:03:00,2026-01-03 18:04:40,alice
CASE-0075,Lead Reviewed,2026-01-03 20:09:34,2026-01-03 22:05:27,eve
CASE-0075,Manager Approval,2026-01-03 23:18:30,2026-01-04 02:09:07,harry
CASE-0075,Proposal Sent,2026-01-04 03:24:46,2026-01-04 05:27:01,kate
CASE-0075,Deal Closed,2026-01-04 08:20:09,2026-01-04 09:42:23,mike
CASE-0076,Lead Created,2026-02-04 17:41:00,2026-02-04 18:27:56,diana
CASE-0076,Lead Reviewed,2026-02-04 22:19:03,2026-02-05 00:49:18,frank
CASE-0076,Manager Approval,2026-02-05 03:34:10,2026-02-06 18:48:09,harry
CASE-0076,Proposal Sent,2026-02-06 20:21:50,2026-02-06 20:57:42,kate
CASE-0076,Deal Closed,2026-02-06 22:59:10,2026-02-07 00:16:20,nancy
CASE-0077,Lead Created,2026-02-10 12:24:00,2026-02-10 13:30:47,charlie
CASE-0077,Lead Reviewed,2026-02-10 14:11:47,2026-02-10 17:13:59,grace
CASE-0077,Manager Approval,2026-02-10 17:53:52,2026-02-12 10:33:21,isabella
CASE-0077,Proposal Sent,2026-02-12 12:20:00,2026-02-12 13:27:48,leo
CASE-0077,Deal Closed,2026-02-12 14:47:48,2026-02-12 16:36:24,mike
CASE-0078,Lead Created,2025-12-23 12:41:00,2025-12-23 14:13:51,diana
CASE-0078,Lead Reviewed,2025-12-23 17:12:43,2025-12-23 18:35:55,eve
CASE-0078,Manager Approval,2025-12-23 20:02:25,2025-12-23 22:35:18,harry
CASE-0078,Proposal Sent,2025-12-24 00:19:54,2025-12-24 02:30:25,leo
CASE-0078,Deal Closed,2025-12-24 05:17:17,2025-12-24 07:17:02,mike
CASE-0079,Lead Created,2026-01-17 14:32:00,2026-01-17 15:34:33,charlie
CASE-0079,Lead Reviewed,2026-01-17 19:24:18,2026-01-17 21:19:54,frank
CASE-0079,Manager Approval,2026-01-17 23:02:50,2026-01-18 21:44:17,harry
CASE-0079,Proposal Sent,2026-01-18 23:25:13,2026-01-19 00:39:35,leo
CASE-0079,Deal Closed,2026-01-19 03:14:51,2026-01-19 04:54:14,mike
CASE-0080,Lead Created,2026-01-15 17:08:00,2026-01-15 18:31:45,bob
CASE-0080,Lead Reviewed,2026-01-15 21:56:20,2026-01-15 23:25:32,grace
CASE-0080,Manager Approval,2026-01-16 00:20:22,2026-01-16 05:23:04,isabella
CASE-0080,Proposal Sent,2026-01-16 06:57:50,2026-01-16 08:22:29,kate
CASE-0080,Deal Closed,2026-01-16 10:45:20,2026-01-16 12:10:18,nancy
CASE-0081,Lead Created,2026-02-23 11:19:00,2026-02-23 13:15:54,diana
CASE-0081,Lead Reviewed,2026-02-23 14:26:38,2026-02-23 18:09:21,grace
CASE-0081,Manager Approval,2026-02-23 21:07:01,2026-02-24 02:51:10,isabella
CASE-0081,Proposal Sent,2026-02-24 04:06:25,2026-02-24 06:33:08,kate
CASE-0081,Deal Closed,2026-02-24 09:05:40,2026-02-24 11:02:38,mike
CASE-0082,Lead Created,2025-12-27 08:41:00,2025-12-27 09:54:15,charlie
CASE-0082,Lead Reviewed,2025-12-27 10:45:47,2025-12-27 13:25:36,grace
CASE-0082,Manager Approval,2025-12-27 14:38:22,2025-12-27 19:53:43,isabella
CASE-0082,Proposal Sent,2025-12-27 21:09:55,2025-12-27 22:47:19,kate
CASE-0082,Deal Closed,2025-12-28 01:33:53,2025-12-28 02:12:09,nancy
CASE-0083,Lead Created,2025-12-26 08:26:00,2025-12-26 09:00:47,charlie
CASE-0083,Lead Reviewed,2025-12-26 12:59:38,2025-12-26 14:42:05,frank
CASE-0083,Manager Approval,2025-12-26 15:59:53,2025-12-28 07:51:00,isabella
CASE-0083,Proposal Sent,2025-12-28 08:33:23,2025-12-28 11:02:06,kate
CASE-0083,Deal Closed,2025-12-28 12:42:58,2025-12-28 14:35:32,mike
CASE-0084,Lead Created,2026-01-07 15:28:00,2026-01-07 16:53:22,alice
CASE-0084,Lead Reviewed,2026-01-07 18:08:40,2026-01-07 19:12:05,eve
CASE-0084,Manager Approval,2026-01-07 21:31:10,2026-01-08 01:15:48,harry
CASE-0084,Proposal Sent,2026-01-08 02:07:12,2026-01-08 04:33:37,jack
CASE-0084,Deal Closed,2026-01-08 06:06:36,2026-01-08 06:40:54,nancy
CASE-0085,Lead Created,2026-03-10 15:38:00,2026-03-10 16:56:14,bob
CASE-0085,Lead Reviewed,2026-03-10 18:27:24,2026-03-10 21:36:44,eve
CASE-0085,Manager Approval,2026-03-10 22:42:50,2026-03-11 02:47:16,harry
CASE-0085,Proposal Sent,2026-03-11 03:49:43,2026-03-11 05:38:15,leo
CASE-0085,Deal Closed,2026-03-11 08:06:12,2026-03-11 09:25:11,mike
CASE-0086,Lead Created,2026-02-09 15:02:00,2026-02-09 16:29:12,charlie
CASE-0086,Lead Reviewed,2026-02-09 17:02:37,2026-02-09 18:48:16,eve
CASE-0086,Manager Approval,2026-02-09 21:08:13,2026-02-09 23:51:39,isabella
CASE-0086,Proposal Sent,2026-02-10 00:53:22,2026-02-10 01:43:22,kate
CASE-0086,Deal Closed,2026-02-10 02:39:38,2026-02-10 04:22:51,nancy
CASE-0087,Lead Created,2025-12-18 15:40:00,2025-12-18 16:26:24,bob
CASE-0087,Lead Reviewed,2025-12-18 19:39:24,2025-12-18 20:50:45,frank
CASE-0087,Manager Approval,2025-12-18 21:51:00,2025-12-18 23:02:05,harry
CASE-0087,Proposal Sent,2025-12-19 00:00:00,2025-12-19 01:17:20,kate
CASE-0087,Deal Closed,2025-12-19 03:08:47,2025-12-19 05:07:49,nancy
CASE-0088,Lead Created,2026-03-13 11:18:00,2026-03-13 12:20:07,alice
CASE-0088,Lead Reviewed,2026-03-13 13:59:49,2026-03-13 17:35:40,eve
CASE-0088,Manager Approval,2026-03-13 19:11:13,2026-03-14 00:11:01,isabella
CASE-0088,Proposal Sent,2026-03-14 01:15:49,2026-03-14 04:00:00,jack
CASE-0088,Deal Closed,2026-03-14 05:44:38,2026-03-14 06:59:18,nancy
CASE-0089,Lead Created,2026-01-03 14:05:00,2026-01-03 15:13:45,bob
CASE-0089,Lead Reviewed,2026-01-03 16:51:12,2026-01-03 19:29:23,eve
CASE-0089,Manager Approval,2026-01-03 20:43:44,2026-01-03 23:22:06,isabella
CASE-0089,Proposal Sent,2026-01-04 00:32:04,2026-01-04 01:27:03,kate
CASE-0089,Deal Closed,2026-01-04 04:07:34,2026-01-04 04:41:22,nancy
CASE-0090,Lead Created,2026-01-20 14:17:00,2026-01-20 15:44:33,alice
CASE-0090,Lead Reviewed,2026-01-20 18:28:25,2026-01-20 19:41:56,frank
CASE-0090,Manager Approval,2026-01-20 22:04:25,2026-01-21 14:45:36,isabella
CASE-0090,Proposal Sent,2026-01-21 15:21:39,2026-01-21 15:56:52,leo
CASE-0090,Deal Closed,2026-01-21 17:24:18,2026-01-21 18:27:16,mike
CASE-0091,Lead Created,2026-01-21 15:23:00,2026-01-21 16:26:28,alice
CASE-0091,Lead Reviewed,2026-01-21 18:47:40,2026-01-21 21:30:58,frank
CASE-0091,Manager Approval,2026-01-21 22:42:46,2026-01-22 01:17:05,harry
CASE-0091,Proposal Sent,2026-01-22 02:32:00,2026-01-22 04:52:21,kate
CASE-0091,Deal Closed,2026-01-22 05:40:01,2026-01-22 07:32:14,nancy
CASE-0092,Lead Created,2026-01-12 11:39:00,2026-01-12 12:34:42,diana
CASE-0092,Lead Reviewed,2026-01-12 13:33:12,2026-01-12 15:09:14,eve
CASE-0092,Manager Approval,2026-01-12 17:54:02,2026-01-12 21:09:39,harry
CASE-0092,Proposal Sent,2026-01-12 23:06:43,2026-01-13 01:38:18,kate
CASE-0092,Deal Closed,2026-01-13 03:54:44,2026-01-13 05:24:50,nancy
CASE-0093,Lead Created,2025-12-26 10:45:00,2025-12-26 12:18:51,bob
CASE-0093,Lead Reviewed,2025-12-26 14:35:41,2025-12-26 17:58:33,eve
CASE-0093,Manager Approval,2025-12-26 20:27:22,2025-12-28 08:10:00,isabella
CASE-0093,Proposal Sent,2025-12-28 09:13:12,2025-12-28 11:06:18,leo
CASE-0093,Deal Closed,2025-12-28 13:48:56,2025-12-28 14:30:37,mike
CASE-0094,Lead Created,2026-02-16 15:33:00,2026-02-16 16:39:58,diana
CASE-0094,Lead Reviewed,2026-02-16 17:25:27,2026-02-16 20:53:39,frank
CASE-0094,Manager Approval,2026-02-16 22:31:09,2026-02-17 02:43:51,isabella
CASE-0094,Proposal Sent,2026-02-17 04:28:28,2026-02-17 05:17:43,leo
CASE-0094,Deal Closed,2026-02-17 06:15:01,2026-02-17 07:42:35,mike
CASE-0095,Lead Created,2026-02-05 08:53:00,2026-02-05 09:34:10,bob
CASE-0095,Lead Reviewed,2026-02-05 10:38:11,2026-02-05 12:32:55,grace
CASE-0095,Manager Approval,2026-02-05 15:25:03,2026-02-05 17:32:41,isabella
CASE-0095,Proposal Sent,2026-02-05 18:25:14,2026-02-05 21:02:08,leo
CASE-0095,Deal Closed,2026-02-05 22:13:18,2026-02-06 00:09:22,nancy
CASE-0096,Lead Created,2026-01-20 09:32:00,2026-01-20 10:59:41,bob
CASE-0096,Lead Reviewed,2026-01-20 13:40:49,2026-01-20 15:11:38,grace
CASE-0096,Manager Approval,2026-01-20 18:00:14,2026-01-22 15:47:17,harry
CASE-0096,Proposal Sent,2026-01-22 17:15:01,2026-01-22 17:51:50,leo
CASE-0096,Deal Closed,2026-01-22 18:53:27,2026-01-22 19:47:16,nancy
CASE-0097,Lead Created,2026-01-19 08:31:00,2026-01-19 10:21:00,charlie
CASE-0097,Lead Reviewed,2026-01-19 11:54:26,2026-01-19 14:49:59,eve
CASE-0097,Manager Approval,2026-01-19 17:02:44,2026-01-20 12:41:46,harry
CASE-0097,Proposal Sent,2026-01-20 13:49:10,2026-01-20 14:42:53,kate
CASE-0097,Deal Closed,2026-01-20 16:43:53,2026-01-20 17:32:14,nancy
CASE-0098,Lead Created,2025-12-28 13:46:00,2025-12-28 15:44:55,charlie
CASE-0098,Lead Reviewed,2025-12-28 16:42:22,2025-12-28 20:37:57,frank
CASE-0098,Manager Approval,2025-12-28 21:23:52,2025-12-29 17:23:01,isabella
CASE-0098,Proposal Sent,2025-12-29 18:01:43,2025-12-29 19:08:55,kate
CASE-0098,Deal Closed,2025-12-29 21:48:32,2025-12-29 23:43:37,nancy
CASE-0099,Lead Created,2026-02-22 10:52:00,2026-02-22 11:51:28,charlie
CASE-0099,Lead Reviewed,2026-02-22 12:54:55,2026-02-22 14:29:06,grace
CASE-0099,Manager Approval,2026-02-22 17:10:57,2026-02-22 20:31:00,harry
CASE-0099,Proposal Sent,2026-02-22 21:46:29,2026-02-23 00:38:16,jack
CASE-0099,Deal Closed,2026-02-23 02:01:12,2026-02-23 02:50:34,mike
CASE-0100,Lead Created,2026-02-19 17:56:00,2026-02-19 19:41:51,diana
CASE-0100,Lead Reviewed,2026-02-19 20:13:34,2026-02-19 22:05:00,eve
CASE-0100,Manager Approval,2026-02-20 00:47:22,2026-02-20 03:56:39,isabella
CASE-0100,Proposal Sent,2026-02-20 05:02:42,2026-02-20 06:27:35,leo
CASE-0100,Deal Closed,2026-02-20 07:51:58,2026-02-20 09:12:32,nancy
CASE-0101,Lead Created,2026-03-09 16:28:00,2026-03-09 18:06:47,charlie
CASE-0101,Lead Reviewed,2026-03-09 20:47:40,2026-03-10 00:16:13,grace
CASE-0101,Manager Approval,2026-03-10 03:12:29,2026-03-10 04:48:08,isabella
CASE-0101,Proposal Sent,2026-03-10 05:51:02,2026-03-10 07:44:43,jack
CASE-0101,Deal Closed,2026-03-10 09:31:05,2026-03-10 10:19:00,mike
CASE-0102,Lead Created,2026-03-12 10:45:00,2026-03-12 11:44:58,diana
CASE-0102,Lead Reviewed,2026-03-12 12:46:15,2026-03-12 15:19:43,grace
CASE-0102,Manager Approval,2026-03-12 18:09:26,2026-03-13 22:00:09,isabella
CASE-0102,Proposal Sent,2026-03-13 23:15:48,2026-03-14 01:14:52,leo
CASE-0102,Deal Closed,2026-03-14 03:31:10,2026-03-14 04:49:05,nancy
CASE-0103,Lead Created,2026-02-01 08:23:00,2026-02-01 09:22:48,alice
CASE-0103,Lead Reviewed,2026-02-01 11:55:23,2026-02-01 15:51:46,grace
CASE-0103,Manager Approval,2026-02-01 17:56:09,2026-02-01 23:17:47,isabella
CASE-0103,Proposal Sent,2026-02-02 00:58:15,2026-02-02 03:53:18,leo
CASE-0103,Deal Closed,2026-02-02 06:11:31,2026-02-02 07:33:30,nancy
CASE-0104,Lead Created,2026-03-01 17:49:00,2026-03-01 19:34:42,bob
CASE-0104,Lead Reviewed,2026-03-01 20:55:33,2026-03-02 00:23:27,grace
CASE-0104,Manager Approval,2026-03-02 01:09:56,2026-03-03 06:11:59,harry
CASE-0104,Proposal Sent,2026-03-03 07:00:20,2026-03-03 08:32:16,leo
CASE-0104,Deal Closed,2026-03-03 11:20:21,2026-03-03 13:00:06,mike
CASE-0105,Lead Created,2026-01-11 16:13:00,2026-01-11 17:33:28,diana
CASE-0105,Lead Reviewed,2026-01-11 19:09:22,2026-01-11 21:43:57,eve
CASE-0105,Manager Approval,2026-01-11 23:33:55,2026-01-12 02:51:49,isabella
CASE-0105,Proposal Sent,2026-01-12 03:39:07,2026-01-12 05:40:38,jack
CASE-0105,Deal Closed,2026-01-12 06:55:24,2026-01-12 07:50:31,nancy
CASE-0106,Lead Created,2026-01-06 11:44:00,2026-01-06 13:17:26,charlie
CASE-0106,Lead Reviewed,2026-01-06 15:45:09,2026-01-06 18:11:30,grace
CASE-0106,Manager Approval,2026-01-06 18:59:47,2026-01-06 21:21:50,isabella
CASE-0106,Proposal Sent,2026-01-06 22:27:20,2026-01-07 01:11:42,kate
CASE-0106,Deal Closed,2026-01-07 03:42:23,2026-01-07 05:38:18,nancy
CASE-0107,Lead Created,2026-03-12 09:22:00,2026-03-12 11:15:09,charlie
CASE-0107,Lead Reviewed,2026-03-12 12:30:05,2026-03-12 15:44:37,grace
CASE-0107,Manager Approval,2026-03-12 17:38:55,2026-03-13 11:56:11,harry
CASE-0107,Proposal Sent,2026-03-13 13:26:28,2026-03-13 14:32:50,leo
CASE-0107,Deal Closed,2026-03-13 15:37:46,2026-03-13 16:28:04,mike
CASE-0108,Lead Created,2026-02-07 15:06:00,2026-02-07 16:37:18,bob
CASE-0108,Lead Reviewed,2026-02-07 19:02:52,2026-02-07 20:03:48,eve
CASE-0108,Manager Approval,2026-02-07 22:54:04,2026-02-08 01:56:08,isabella
CASE-0108,Proposal Sent,2026-02-08 03:34:10,2026-02-08 05:41:45,kate
CASE-0108,Deal Closed,2026-02-08 07:48:38,2026-02-08 08:47:32,mike
CASE-0109,Lead Created,2026-01-16 11:34:00,2026-01-16 13:10:28,alice
CASE-0109,Lead Reviewed,2026-01-16 14:17:14,2026-01-16 18:01:37,eve
CASE-0109,Manager Approval,2026-01-16 18:37:04,2026-01-17 00:17:15,isabella
CASE-0109,Proposal Sent,2026-01-17 01:54:39,2026-01-17 02:52:36,kate
CASE-0109,Deal Closed,2026-01-17 03:24:00,2026-01-17 05:12:54,mike
CASE-0110,Lead Created,2025-12-22 13:18:00,2025-12-22 14:28:53,diana
CASE-0110,Lead Reviewed,2025-12-22 15:27:04,2025-12-22 19:07:08,grace
CASE-0110,Manager Approval,2025-12-22 20:06:03,2025-12-23 17:17:27,isabella
CASE-0110,Proposal Sent,2025-12-23 18:52:07,2025-12-23 20:59:22,jack
CASE-0110,Deal Closed,2025-12-23 23:27:59,2025-12-24 01:04:16,mike
CASE-0111,Lead Created,2026-02-28 14:52:00,2026-02-28 16:00:29,charlie
CASE-0111,Lead Reviewed,2026-02-28 18:51:02,2026-02-28 20:06:38,eve
CASE-0111,Manager Approval,2026-02-28 21:48:16,2026-03-01 03:42:46,harry
CASE-0111,Proposal Sent,2026-03-01 04:33:58,2026-03-01 05:43:05,kate
CASE-0111,Deal Closed,2026-03-01 06:58:22,2026-03-01 08:54:14,mike
CASE-0112,Lead Created,2026-02-20 13:44:00,2026-02-20 14:35:16,alice
CASE-0112,Lead Reviewed,2026-02-20 15:38:48,2026-02-20 18:02:34,grace
CASE-0112,Manager Approval,2026-02-20 20:46:50,2026-02-21 00:17:36,isabella
CASE-0112,Proposal Sent,2026-02-21 01:45:05,2026-02-21 03:58:37,kate
CASE-0112,Deal Closed,2026-02-21 05:01:45,2026-02-21 06:04:50,mike
CASE-0113,Lead Created,2026-02-01 15:47:00,2026-02-01 17:45:59,charlie
CASE-0113,Lead Reviewed,2026-02-01 20:11:20,2026-02-01 22:26:11,frank
CASE-0113,Manager Approval,2026-02-02 00:56:29,2026-02-02 05:43:41,harry
CASE-0113,Proposal Sent,2026-02-02 07:07:18,2026-02-02 09:19:21,jack
CASE-0113,Deal Closed,2026-02-02 11:08:35,2026-02-02 12:25:53,nancy
CASE-0114,Lead Created,2026-03-09 17:07:00,2026-03-09 17:42:33,bob
CASE-0114,Lead Reviewed,2026-03-09 18:44:01,2026-03-09 21:27:06,frank
CASE-0114,Manager Approval,2026-03-09 23:03:23,2026-03-10 04:19:44,isabella
CASE-0114,Proposal Sent,2026-03-10 05:35:40,2026-03-10 06:19:18,jack
CASE-0114,Deal Closed,2026-03-10 08:06:17,2026-03-10 09:17:06,nancy
CASE-0115,Lead Created,2026-01-24 16:29:00,2026-01-24 17:59:32,charlie
CASE-0115,Lead Reviewed,2026-01-24 19:52:41,2026-01-24 23:02:53,eve
CASE-0115,Manager Approval,2026-01-25 00:59:38,2026-01-26 06:07:33,harry
CASE-0115,Proposal Sent,2026-01-26 06:42:58,2026-01-26 08:34:09,jack
CASE-0115,Deal Closed,2026-01-26 10:14:58,2026-01-26 12:13:43,nancy
CASE-0116,Lead Created,2026-02-07 10:49:00,2026-02-07 12:16:44,diana
CASE-0116,Lead Reviewed,2026-02-07 15:53:55,2026-02-07 18:01:19,frank
CASE-0116,Manager Approval,2026-02-07 20:47:20,2026-02-08 02:08:13,harry
CASE-0116,Proposal Sent,2026-02-08 03:09:31,2026-02-08 05:17:33,jack
CASE-0116,Deal Closed,2026-02-08 06:46:30,2026-02-08 08:45:51,mike
CASE-0117,Lead Created,2026-01-09 11:53:00,2026-01-09 12:23:18,alice
CASE-0117,Lead Reviewed,2026-01-09 14:30:32,2026-01-09 18:26:40,grace
CASE-0117,Manager Approval,2026-01-09 20:16:27,2026-01-09 23:59:47,harry
CASE-0117,Proposal Sent,2026-01-10 00:43:45,2026-01-10 02:22:51,jack
CASE-0117,Deal Closed,2026-01-10 04:41:36,2026-01-10 06:35:58,mike
CASE-0118,Lead Created,2026-03-13 14:39:00,2026-03-13 16:17:56,alice
CASE-0118,Lead Reviewed,2026-03-13 17:02:04,2026-03-13 18:45:23,grace
CASE-0118,Manager Approval,2026-03-13 20:45:03,2026-03-13 21:55:08,harry
CASE-0118,Proposal Sent,2026-03-13 22:29:07,2026-03-13 23:35:49,kate
CASE-0118,Deal Closed,2026-03-14 00:38:25,2026-03-14 01:29:30,mike
CASE-0119,Lead Created,2026-03-03 12:14:00,2026-03-03 13:57:25,charlie
CASE-0119,Lead Reviewed,2026-03-03 17:09:39,2026-03-03 19:53:35,frank
CASE-0119,Manager Approval,2026-03-03 22:35:02,2026-03-04 00:46:06,harry
CASE-0119,Proposal Sent,2026-03-04 01:40:52,2026-03-04 03:12:54,leo
CASE-0119,Deal Closed,2026-03-04 05:54:51,2026-03-04 07:50:13,mike
CASE-0120,Lead Created,2026-01-19 14:35:00,2026-01-19 15:49:36,charlie
CASE-0120,Lead Reviewed,2026-01-19 18:40:35,2026-01-19 22:30:04,grace
CASE-0120,Manager Approval,2026-01-20 00:02:31,2026-01-21 04:11:17,isabella
CASE-0120,Proposal Sent,2026-01-21 05:01:34,2026-01-21 06:07:43,leo
CASE-0120,Deal Closed,2026-01-21 07:47:10,2026-01-21 08:30:10,mike
CASE-0121,Lead Created,2026-01-24 14:35:00,2026-01-24 15:52:41,diana
CASE-0121,Lead Reviewed,2026-01-24 17:05:23,2026-01-24 18:49:06,grace
CASE-0121,Manager Approval,2026-01-24 20:26:34,2026-01-24 21:50:18,harry
CASE-0121,Proposal Sent,2026-01-24 22:54:14,2026-01-24 23:31:58,leo
CASE-0121,Deal Closed,2026-01-25 02:13:01,2026-01-25 03:37:17,mike
CASE-0122,Lead Created,2026-01-03 17:46:00,2026-01-03 19:16:25,bob
CASE-0122,Lead Reviewed,2026-01-03 22:49:01,2026-01-04 01:15:18,frank
CASE-0122,Manager Approval,2026-01-04 04:01:39,2026-01-05 01:23:04,harry
CASE-0122,Proposal Sent,2026-01-05 03:00:57,2026-01-05 05:22:59,jack
CASE-0122,Deal Closed,2026-01-05 07:38:33,2026-01-05 09:11:09,nancy
CASE-0123,Lead Created,2025-12-24 16:20:00,2025-12-24 17:59:47,diana
CASE-0123,Lead Reviewed,2025-12-24 20:46:01,2025-12-24 23:09:57,frank
CASE-0123,Manager Approval,2025-12-25 00:56:52,2025-12-25 03:15:20,harry
CASE-0123,Proposal Sent,2025-12-25 04:50:21,2025-12-25 07:20:47,kate
CASE-0123,Deal Closed,2025-12-25 08:46:23,2025-12-25 10:38:40,nancy
CASE-0124,Lead Created,2026-03-12 11:47:00,2026-03-12 12:30:07,charlie
CASE-0124,Lead Reviewed,2026-03-12 15:02:46,2026-03-12 17:42:22,grace
CASE-0124,Manager Approval,2026-03-12 18:35:14,2026-03-13 23:20:57,harry
CASE-0124,Proposal Sent,2026-03-14 00:49:52,2026-03-14 02:34:46,leo
CASE-0124,Deal Closed,2026-03-14 04:59:16,2026-03-14 05:59:39,nancy
CASE-0125,Lead Created,2025-12-19 15:29:00,2025-12-19 16:14:08,charlie
CASE-0125,Lead Reviewed,2025-12-19 19:15:24,2025-12-19 20:45:52,frank
CASE-0125,Manager Approval,2025-12-19 23:29:16,2025-12-20 01:24:29,harry
CASE-0125,Proposal Sent,2025-12-20 03:10:00,2025-12-20 04:58:36,jack
CASE-0125,Deal Closed,2025-12-20 07:08:50,2025-12-20 09:03:54,mike
CASE-0126,Lead Created,2026-02-07 11:04:00,2026-02-07 12:37:38,alice
CASE-0126,Lead Reviewed,2026-02-07 14:43:24,2026-02-07 16:22:46,eve
CASE-0126,Manager Approval,2026-02-07 18:32:47,2026-02-07 22:38:08,isabella
CASE-0126,Proposal Sent,2026-02-07 23:09:33,2026-02-08 01:18:26,leo
CASE-0126,Deal Closed,2026-02-08 01:50:13,2026-02-08 03:09:52,nancy
CASE-0127,Lead Created,2026-01-27 12:01:00,2026-01-27 13:16:11,diana
CASE-0127,Lead Reviewed,2026-01-27 16:57:15,2026-01-27 20:22:21,eve
CASE-0127,Manager Approval,2026-01-27 22:11:01,2026-01-29 14:05:09,isabella
CASE-0127,Proposal Sent,2026-01-29 14:59:13,2026-01-29 17:31:30,kate
CASE-0127,Deal Closed,2026-01-29 20:25:23,2026-01-29 21:02:30,nancy
CASE-0128,Lead Created,2026-01-24 11:19:00,2026-01-24 12:50:33,alice
CASE-0128,Lead Reviewed,2026-01-24 16:20:47,2026-01-24 19:18:27,eve
CASE-0128,Manager Approval,2026-01-24 20:45:21,2026-01-24 22:13:24,harry
CASE-0128,Proposal Sent,2026-01-24 23:46:39,2026-01-25 01:52:10,jack
CASE-0128,Deal Closed,2026-01-25 03:27:15,2026-01-25 04:42:14,nancy
CASE-0129,Lead Created,2026-01-24 09:57:00,2026-01-24 11:14:32,alice
CASE-0129,Lead Reviewed,2026-01-24 14:53:48,2026-01-24 16:35:09,grace
CASE-0129,Manager Approval,2026-01-24 18:16:29,2026-01-25 14:23:20,isabella
CASE-0129,Proposal Sent,2026-01-25 15:44:03,2026-01-25 18:28:57,jack
CASE-0129,Deal Closed,2026-01-25 21:06:31,2026-01-25 21:52:39,mike
CASE-0130,Lead Created,2025-12-19 17:09:00,2025-12-19 18:46:42,diana
CASE-0130,Lead Reviewed,2025-12-19 20:19:33,2025-12-20 00:06:44,grace
CASE-0130,Manager Approval,2025-12-20 02:41:56,2025-12-20 04:54:05,isabella
CASE-0130,Proposal Sent,2025-12-20 06:30:39,2025-12-20 07:58:14,leo
CASE-0130,Deal Closed,2025-12-20 09:43:21,2025-12-20 11:18:32,nancy
CASE-0131,Lead Created,2026-03-11 14:14:00,2026-03-11 15:59:28,charlie
CASE-0131,Lead Reviewed,2026-03-11 18:38:23,2026-03-11 21:27:19,grace
CASE-0131,Manager Approval,2026-03-11 23:53:21,2026-03-13 00:42:45,isabella
CASE-0131,Proposal Sent,2026-03-13 01:44:46,2026-03-13 03:28:22,kate
CASE-0131,Deal Closed,2026-03-13 05:40:19,2026-03-13 06:49:11,nancy
CASE-0132,Lead Created,2026-03-08 17:18:00,2026-03-08 18:59:49,alice
CASE-0132,Lead Reviewed,2026-03-08 20:02:12,2026-03-08 21:16:58,grace
CASE-0132,Manager Approval,2026-03-08 22:10:07,2026-03-09 03:05:17,isabella
CASE-0132,Proposal Sent,2026-03-09 03:35:45,2026-03-09 04:21:44,kate
CASE-0132,Deal Closed,2026-03-09 06:45:56,2026-03-09 07:55:57,mike
CASE-0133,Lead Created,2026-03-04 10:27:00,2026-03-04 11:37:23,diana
CASE-0133,Lead Reviewed,2026-03-04 12:26:12,2026-03-04 13:44:48,grace
CASE-0133,Manager Approval,2026-03-04 15:44:30,2026-03-05 19:04:32,isabella
CASE-0133,Proposal Sent,2026-03-05 20:44:40,2026-03-05 22:16:44,leo
CASE-0133,Deal Closed,2026-03-06 01:02:31,2026-03-06 02:53:37,mike
CASE-0134,Lead Created,2026-01-24 10:43:00,2026-01-24 11:47:15,bob
CASE-0134,Lead Reviewed,2026-01-24 13:13:37,2026-01-24 15:02:02,eve
CASE-0134,Manager Approval,2026-01-24 16:37:14,2026-01-24 17:56:13,isabella
CASE-0134,Proposal Sent,2026-01-24 18:58:43,2026-01-24 21:26:07,jack
CASE-0134,Deal Closed,2026-01-24 23:10:29,2026-01-25 00:45:22,mike
CASE-0135,Lead Created,2026-02-03 10:19:00,2026-02-03 10:49:36,diana
CASE-0135,Lead Reviewed,2026-02-03 13:29:50,2026-02-03 15:29:38,frank
CASE-0135,Manager Approval,2026-02-03 17:04:14,2026-02-03 20:16:18,harry
CASE-0135,Proposal Sent,2026-02-03 21:40:35,2026-02-03 22:55:39,leo
CASE-0135,Deal Closed,2026-02-04 00:12:47,2026-02-04 01:00:51,nancy
CASE-0136,Lead Created,2025-12-19 12:47:00,2025-12-19 14:19:32,diana
CASE-0136,Lead Reviewed,2025-12-19 17:33:45,2025-12-19 21:27:57,frank
CASE-0136,Manager Approval,2025-12-20 00:00:25,2025-12-20 02:53:14,harry
CASE-0136,Proposal Sent,2025-12-20 03:41:13,2025-12-20 06:31:02,leo
CASE-0136,Deal Closed,2025-12-20 08:56:11,2025-12-20 09:42:22,mike
CASE-0137,Lead Created,2025-12-20 15:45:00,2025-12-20 16:33:52,charlie
CASE-0137,Lead Reviewed,2025-12-20 17:18:23,2025-12-20 20:48:01,frank
CASE-0137,Manager Approval,2025-12-20 21:38:53,2025-12-21 23:06:35,harry
CASE-0137,Proposal Sent,2025-12-22 00:47:36,2025-12-22 03:04:53,jack
CASE-0137,Deal Closed,2025-12-22 05:04:34,2025-12-22 06:14:59,nancy
CASE-0138,Lead Created,2026-01-27 14:34:00,2026-01-27 15:07:18,charlie
CASE-0138,Lead Reviewed,2026-01-27 18:27:53,2026-01-27 21:34:11,grace
CASE-0138,Manager Approval,2026-01-27 22:16:55,2026-01-28 02:28:23,isabella
CASE-0138,Proposal Sent,2026-01-28 03:53:31,2026-01-28 04:48:28,leo
CASE-0138,Deal Closed,2026-01-28 07:00:05,2026-01-28 08:58:37,nancy
CASE-0139,Lead Created,2025-12-19 13:50:00,2025-12-19 14:58:44,alice
CASE-0139,Lead Reviewed,2025-12-19 16:15:21,2025-12-19 17:33:06,grace
CASE-0139,Manager Approval,2025-12-19 19:30:11,2025-12-19 23:05:49,isabella
CASE-0139,Proposal Sent,2025-12-20 00:17:30,2025-12-20 01:43:37,leo
CASE-0139,Deal Closed,2025-12-20 03:28:41,2025-12-20 04:51:39,nancy
CASE-0140,Lead Created,2025-12-16 15:06:00,2025-12-16 16:02:35,alice
CASE-0140,Lead Reviewed,2025-12-16 19:50:07,2025-12-16 21:11:01,eve
CASE-0140,Manager Approval,2025-12-16 22:32:29,2025-12-17 01:16:58,isabella
CASE-0140,Proposal Sent,2025-12-17 01:55:46,2025-12-17 03:18:00,leo
CASE-0140,Deal Closed,2025-12-17 04:35:50,2025-12-17 06:08:33,nancy
CASE-0141,Lead Created,2026-03-12 09:01:00,2026-03-12 10:47:25,alice
CASE-0141,Lead Reviewed,2026-03-12 11:51:56,2026-03-12 14:53:49,grace
CASE-0141,Manager Approval,2026-03-12 15:49:59,2026-03-14 02:12:26,isabella
CASE-0141,Proposal Sent,2026-03-14 03:18:53,2026-03-14 04:23:40,jack
CASE-0141,Deal Closed,2026-03-14 06:32:16,2026-03-14 07:19:02,nancy
CASE-0142,Lead Created,2026-03-13 17:56:00,2026-03-13 18:43:45,diana
CASE-0142,Lead Reviewed,2026-03-13 21:41:45,2026-03-13 23:51:44,eve
CASE-0142,Manager Approval,2026-03-14 02:07:18,2026-03-14 04:30:48,harry
CASE-0142,Proposal Sent,2026-03-14 05:49:07,2026-03-14 08:19:03,kate
CASE-0142,Deal Closed,2026-03-14 09:57:41,2026-03-14 10:57:01,nancy
CASE-0143,Lead Created,2026-01-15 15:33:00,2026-01-15 17:29:55,charlie
CASE-0143,Lead Reviewed,2026-01-15 20:08:18,2026-01-15 22:55:45,grace
CASE-0143,Manager Approval,2026-01-16 00:18:33,2026-01-16 01:52:49,harry
CASE-0143,Proposal Sent,2026-01-16 03:26:22,2026-01-16 05:58:25,kate
CASE-0143,Deal Closed,2026-01-16 07:56:57,2026-01-16 09:49:38,mike
CASE-0144,Lead Created,2026-02-16 11:19:00,2026-02-16 11:59:31,charlie
CASE-0144,Lead Reviewed,2026-02-16 14:16:47,2026-02-16 17:21:37,frank
CASE-0144,Manager Approval,2026-02-16 19:17:50,2026-02-16 23:16:45,isabella
CASE-0144,Proposal Sent,2026-02-17 00:49:10,2026-02-17 02:54:30,leo
CASE-0144,Deal Closed,2026-02-17 03:50:29,2026-02-17 05:44:14,mike
CASE-0145,Lead Created,2026-01-31 10:11:00,2026-01-31 11:09:18,diana
CASE-0145,Lead Reviewed,2026-01-31 14:41:04,2026-01-31 17:32:33,eve
CASE-0145,Manager Approval,2026-01-31 18:31:50,2026-01-31 21:57:13,isabella
CASE-0145,Proposal Sent,2026-01-31 23:11:28,2026-02-01 00:42:50,leo
CASE-0145,Deal Closed,2026-02-01 02:26:08,2026-02-01 04:11:44,mike
CASE-0146,Lead Created,2026-01-24 11:18:00,2026-01-24 11:50:56,bob
CASE-0146,Lead Reviewed,2026-01-24 12:56:15,2026-01-24 15:33:02,frank
CASE-0146,Manager Approval,2026-01-24 17:58:55,2026-01-24 21:48:36,harry
CASE-0146,Proposal Sent,2026-01-24 22:42:43,2026-01-25 00:38:37,leo
CASE-0146,Deal Closed,2026-01-25 02:03:39,2026-01-25 03:47:45,mike
CASE-0147,Lead Created,2026-01-07 15:34:00,2026-01-07 16:23:40,diana
CASE-0147,Lead Reviewed,2026-01-07 19:47:59,2026-01-07 21:06:25,eve
CASE-0147,Manager Approval,2026-01-08 00:06:18,2026-01-08 02:35:37,isabella
CASE-0147,Proposal Sent,2026-01-08 03:13:27,2026-01-08 05:52:47,jack
CASE-0147,Deal Closed,2026-01-08 06:58:19,2026-01-08 08:38:08,nancy
CASE-0148,Lead Created,2025-12-29 17:40:00,2025-12-29 18:48:32,bob
CASE-0148,Lead Reviewed,2025-12-29 22:09:22,2025-12-30 01:30:38,eve
CASE-0148,Manager Approval,2025-12-30 03:20:29,2025-12-30 07:11:30,harry
CASE-0148,Proposal Sent,2025-12-30 08:44:52,2025-12-30 10:03:25,kate
CASE-0148,Deal Closed,2025-12-30 12:56:17,2025-12-30 14:17:49,mike
CASE-0149,Lead Created,2026-03-04 14:58:00,2026-03-04 15:33:20,charlie
CASE-0149,Lead Reviewed,2026-03-04 16:29:58,2026-03-04 20:06:03,eve
CASE-0149,Manager Approval,2026-03-04 22:22:45,2026-03-05 00:37:39,isabella
CASE-0149,Proposal Sent,2026-03-05 01:59:37,2026-03-05 03:43:03,kate
CASE-0149,Deal Closed,2026-03-05 05:09:19,2026-03-05 06:35:49,mike
CASE-0150,Lead Created,2026-01-18 09:25:00,2026-01-18 10:41:24,charlie
CASE-0150,Lead Reviewed,2026-01-18 14:15:38,2026-01-18 17:20:41,frank
CASE-0150,Manager Approval,2026-01-18 18:39:46,2026-01-20 16:16:59,harry
CASE-0150,Proposal Sent,2026-01-20 17:28:15,2026-01-20 19:47:53,leo
CASE-0150,Deal Closed,2026-01-20 22:25:24,2026-01-20 23:58:09,nancy
CASE-0151,Lead Created,2026-02-24 14:52:00,2026-02-24 15:41:03,charlie
CASE-0151,Lead Reviewed,2026-02-24 17:10:37,2026-02-24 19:08:44,grace
CASE-0151,Manager Approval,2026-02-24 21:03:39,2026-02-25 00:57:02,isabella
CASE-0151,Proposal Sent,2026-02-25 02:35:38,2026-02-25 05:19:45,jack
CASE-0151,Deal Closed,2026-02-25 07:47:20,2026-02-25 08:26:18,nancy
CASE-0152,Lead Created,2026-03-15 10:28:00,2026-03-15 11:39:05,diana
CASE-0152,Lead Reviewed,2026-03-15 14:33:41,2026-03-15 16:10:06,eve
CASE-0152,Manager Approval,2026-03-15 17:25:23,2026-03-15 22:50:01,isabella
CASE-0152,Proposal Sent,2026-03-15 23:52:28,2026-03-16 00:36:28,jack
CASE-0152,Deal Closed,2026-03-16 03:22:02,2026-03-16 04:25:30,mike
CASE-0153,Lead Created,2026-03-11 12:46:00,2026-03-11 14:18:56,bob
CASE-0153,Lead Reviewed,2026-03-11 15:08:06,2026-03-11 17:25:21,eve
CASE-0153,Manager Approval,2026-03-11 19:06:53,2026-03-12 16:15:46,isabella
CASE-0153,Proposal Sent,2026-03-12 17:48:23,2026-03-12 18:19:46,jack
CASE-0153,Deal Closed,2026-03-12 19:53:07,2026-03-12 21:52:03,mike
CASE-0154,Lead Created,2026-02-01 11:24:00,2026-02-01 12:02:02,alice
CASE-0154,Lead Reviewed,2026-02-01 13:49:13,2026-02-01 15:07:48,frank
CASE-0154,Manager Approval,2026-02-01 17:33:49,2026-02-01 19:14:57,harry
CASE-0154,Proposal Sent,2026-02-01 20:45:54,2026-02-01 22:52:08,jack
CASE-0154,Deal Closed,2026-02-01 23:23:24,2026-02-02 00:41:09,mike
CASE-0155,Lead Created,2026-02-04 11:40:00,2026-02-04 13:17:20,diana
CASE-0155,Lead Reviewed,2026-02-04 15:20:14,2026-02-04 18:11:08,eve
CASE-0155,Manager Approval,2026-02-04 18:56:12,2026-02-04 20:22:12,isabella
CASE-0155,Proposal Sent,2026-02-04 21:30:51,2026-02-04 22:53:35,jack
CASE-0155,Deal Closed,2026-02-05 01:00:16,2026-02-05 01:52:35,mike
CASE-0156,Lead Created,2026-01-25 17:46:00,2026-01-25 19:10:41,alice
CASE-0156,Lead Reviewed,2026-01-25 21:58:56,2026-01-26 01:31:34,frank
CASE-0156,Manager Approval,2026-01-26 03:32:36,2026-01-27 07:40:25,harry
CASE-0156,Proposal Sent,2026-01-27 09:21:51,2026-01-27 11:49:26,jack
CASE-0156,Deal Closed,2026-01-27 12:36:20,2026-01-27 13:50:53,nancy
CASE-0157,Lead Created,2026-01-18 09:33:00,2026-01-18 11:22:59,alice
CASE-0157,Lead Reviewed,2026-01-18 15:09:06,2026-01-18 19:06:44,eve
CASE-0157,Manager Approval,2026-01-18 21:42:35,2026-01-19 00:38:38,harry
CASE-0157,Proposal Sent,2026-01-19 02:34:32,2026-01-19 04:58:57,jack
CASE-0157,Deal Closed,2026-01-19 05:39:05,2026-01-19 06:10:35,nancy
CASE-0158,Lead Created,2026-02-25 08:50:00,2026-02-25 09:55:49,charlie
CASE-0158,Lead Reviewed,2026-02-25 12:11:02,2026-02-25 15:04:10,frank
CASE-0158,Manager Approval,2026-02-25 16:34:31,2026-02-25 19:41:35,harry
CASE-0158,Proposal Sent,2026-02-25 20:39:29,2026-02-25 21:51:06,leo
CASE-0158,Deal Closed,2026-02-26 00:47:15,2026-02-26 02:40:08,mike
CASE-0159,Lead Created,2026-01-27 14:37:00,2026-01-27 16:04:05,alice
CASE-0159,Lead Reviewed,2026-01-27 18:05:57,2026-01-27 20:01:47,eve
CASE-0159,Manager Approval,2026-01-27 20:44:43,2026-01-27 22:02:05,isabella
CASE-0159,Proposal Sent,2026-01-27 22:37:02,2026-01-28 00:38:53,leo
CASE-0159,Deal Closed,2026-01-28 02:59:59,2026-01-28 04:36:44,mike
CASE-0160,Lead Created,2026-03-15 10:44:00,2026-03-15 11:15:01,diana
CASE-0160,Lead Reviewed,2026-03-15 13:34:51,2026-03-15 17:26:23,grace
CASE-0160,Manager Approval,2026-03-15 18:52:10,2026-03-15 21:09:57,isabella
CASE-0160,Proposal Sent,2026-03-15 21:50:34,2026-03-16 00:10:30,jack
CASE-0160,Deal Closed,2026-03-16 01:44:54,2026-03-16 02:45:03,mike
CASE-0161,Lead Created,2026-02-20 17:40:00,2026-02-20 18:16:56,diana
CASE-0161,Lead Reviewed,2026-02-20 18:58:34,2026-02-20 21:30:31,grace
CASE-0161,Manager Approval,2026-02-20 22:24:06,2026-02-21 00:14:10,harry
CASE-0161,Proposal Sent,2026-02-21 01:29:58,2026-02-21 02:34:14,jack
CASE-0161,Deal Closed,2026-02-21 03:06:04,2026-02-21 04:53:21,mike
CASE-0162,Lead Created,2026-02-02 14:58:00,2026-02-02 15:41:30,alice
CASE-0162,Lead Reviewed,2026-02-02 19:23:26,2026-02-02 22:02:57,grace
CASE-0162,Manager Approval,2026-02-02 23:06:37,2026-02-05 00:21:35,isabella
CASE-0162,Proposal Sent,2026-02-05 00:58:35,2026-02-05 02:09:17,kate
CASE-0162,Deal Closed,2026-02-05 04:20:17,2026-02-05 05:01:01,mike
CASE-0163,Lead Created,2026-02-28 16:02:00,2026-02-28 17:57:52,alice
CASE-0163,Lead Reviewed,2026-02-28 21:29:44,2026-03-01 01:07:35,frank
CASE-0163,Manager Approval,2026-03-01 03:00:33,2026-03-02 00:52:11,isabella
CASE-0163,Proposal Sent,2026-03-02 01:44:01,2026-03-02 04:04:57,kate
CASE-0163,Deal Closed,2026-03-02 05:48:58,2026-03-02 07:12:13,mike
CASE-0164,Lead Created,2026-01-09 16:48:00,2026-01-09 18:29:38,bob
CASE-0164,Lead Reviewed,2026-01-09 20:25:44,2026-01-09 21:26:53,eve
CASE-0164,Manager Approval,2026-01-09 23:32:17,2026-01-10 03:14:44,harry
CASE-0164,Proposal Sent,2026-01-10 03:44:52,2026-01-10 06:37:31,leo
CASE-0164,Deal Closed,2026-01-10 08:58:14,2026-01-10 10:02:06,nancy
CASE-0165,Lead Created,2026-03-07 16:15:00,2026-03-07 17:22:47,alice
CASE-0165,Lead Reviewed,2026-03-07 18:22:40,2026-03-07 22:17:44,frank
CASE-0165,Manager Approval,2026-03-08 01:05:56,2026-03-08 02:33:50,isabella
CASE-0165,Proposal Sent,2026-03-08 03:37:21,2026-03-08 05:52:29,leo
CASE-0165,Deal Closed,2026-03-08 06:36:49,2026-03-08 07:14:28,mike
CASE-0166,Lead Created,2026-01-18 14:04:00,2026-01-18 15:27:16,alice
CASE-0166,Lead Reviewed,2026-01-18 19:19:45,2026-01-18 21:38:03,eve
CASE-0166,Manager Approval,2026-01-19 00:15:41,2026-01-19 02:43:11,isabella
CASE-0166,Proposal Sent,2026-01-19 04:19:22,2026-01-19 06:34:29,kate
CASE-0166,Deal Closed,2026-01-19 07:39:31,2026-01-19 08:50:16,mike
CASE-0167,Lead Created,2026-03-04 17:06:00,2026-03-04 17:49:59,bob
CASE-0167,Lead Reviewed,2026-03-04 19:25:56,2026-03-04 21:46:51,eve
CASE-0167,Manager Approval,2026-03-05 00:41:33,2026-03-06 03:28:16,isabella
CASE-0167,Proposal Sent,2026-03-06 04:06:24,2026-03-06 06:44:17,leo
CASE-0167,Deal Closed,2026-03-06 08:59:59,2026-03-06 09:57:22,mike
CASE-0168,Lead Created,2026-02-25 13:09:00,2026-02-25 13:47:12,bob
CASE-0168,Lead Reviewed,2026-02-25 15:40:25,2026-02-25 19:34:43,eve
CASE-0168,Manager Approval,2026-02-25 20:43:45,2026-02-26 01:06:54,harry
CASE-0168,Proposal Sent,2026-02-26 02:53:49,2026-02-26 05:46:38,leo
CASE-0168,Deal Closed,2026-02-26 06:54:07,2026-02-26 08:31:26,nancy
CASE-0169,Lead Created,2026-03-07 10:07:00,2026-03-07 10:38:04,bob
CASE-0169,Lead Reviewed,2026-03-07 14:01:02,2026-03-07 15:24:34,frank
CASE-0169,Manager Approval,2026-03-07 18:15:12,2026-03-09 07:47:06,harry
CASE-0169,Proposal Sent,2026-03-09 08:22:55,2026-03-09 08:56:11,leo
CASE-0169,Deal Closed,2026-03-09 09:45:30,2026-03-09 10:55:24,nancy
CASE-0170,Lead Created,2026-03-05 15:03:00,2026-03-05 15:48:07,diana
CASE-0170,Lead Reviewed,2026-03-05 17:41:04,2026-03-05 21:08:58,eve
CASE-0170,Manager Approval,2026-03-05 22:42:58,2026-03-06 01:37:47,harry
CASE-0170,Proposal Sent,2026-03-06 02:47:55,2026-03-06 03:59:10,jack
CASE-0170,Deal Closed,2026-03-06 06:02:03,2026-03-06 06:35:10,mike
CASE-0171,Lead Created,2026-01-17 15:26:00,2026-01-17 17:15:27,diana
CASE-0171,Lead Reviewed,2026-01-17 18:44:12,2026-01-17 19:55:10,eve
CASE-0171,Manager Approval,2026-01-17 22:01:34,2026-01-18 01:07:20,harry
CASE-0171,Proposal Sent,2026-01-18 02:49:32,2026-01-18 04:54:09,jack
CASE-0171,Deal Closed,2026-01-18 07:21:26,2026-01-18 09:20:29,nancy
CASE-0172,Lead Created,2026-02-01 15:22:00,2026-02-01 17:14:08,charlie
CASE-0172,Lead Reviewed,2026-02-01 18:21:54,2026-02-01 20:31:48,frank
CASE-0172,Manager Approval,2026-02-01 21:06:12,2026-02-02 01:05:20,isabella
CASE-0172,Proposal Sent,2026-02-02 03:04:34,2026-02-02 03:43:22,leo
CASE-0172,Deal Closed,2026-02-02 05:40:57,2026-02-02 06:43:08,mike
CASE-0173,Lead Created,2025-12-18 09:15:00,2025-12-18 10:44:07,charlie
CASE-0173,Lead Reviewed,2025-12-18 14:00:16,2025-12-18 16:36:20,grace
CASE-0173,Manager Approval,2025-12-18 19:35:48,2025-12-20 15:21:01,isabella
CASE-0173,Proposal Sent,2025-12-20 17:06:33,2025-12-20 18:29:46,jack
CASE-0173,Deal Closed,2025-12-20 20:28:39,2025-12-20 21:14:30,nancy
CASE-0174,Lead Created,2025-12-24 08:45:00,2025-12-24 10:18:03,bob
CASE-0174,Lead Reviewed,2025-12-24 11:27:34,2025-12-24 14:08:56,frank
CASE-0174,Manager Approval,2025-12-24 15:05:16,2025-12-25 08:49:13,harry
CASE-0174,Proposal Sent,2025-12-25 10:02:15,2025-12-25 10:35:14,kate
CASE-0174,Deal Closed,2025-12-25 11:35:27,2025-12-25 13:28:04,mike
CASE-0175,Lead Created,2026-02-13 10:58:00,2026-02-13 12:40:13,charlie
CASE-0175,Lead Reviewed,2026-02-13 13:41:14,2026-02-13 14:51:57,grace
CASE-0175,Manager Approval,2026-02-13 17:18:06,2026-02-13 22:53:16,isabella
CASE-0175,Proposal Sent,2026-02-13 23:56:54,2026-02-14 02:50:59,leo
CASE-0175,Deal Closed,2026-02-14 03:36:08,2026-02-14 04:41:44,nancy
CASE-0176,Lead Created,2026-02-15 10:46:00,2026-02-15 12:41:22,diana
CASE-0176,Lead Reviewed,2026-02-15 13:47:57,2026-02-15 16:44:49,grace
CASE-0176,Manager Approval,2026-02-15 19:34:08,2026-02-16 00:02:12,harry
CASE-0176,Proposal Sent,2026-02-16 01:45:30,2026-02-16 03:55:20,kate
CASE-0176,Deal Closed,2026-02-16 06:08:37,2026-02-16 07:06:13,mike
CASE-0177,Lead Created,2026-02-28 08:44:00,2026-02-28 10:39:22,diana
CASE-0177,Lead Reviewed,2026-02-28 13:51:15,2026-02-28 17:24:23,grace
CASE-0177,Manager Approval,2026-02-28 19:24:45,2026-02-28 20:34:27,harry
CASE-0177,Proposal Sent,2026-02-28 21:13:50,2026-02-28 23:19:47,kate
CASE-0177,Deal Closed,2026-03-01 01:41:35,2026-03-01 02:24:14,mike
CASE-0178,Lead Created,2026-02-13 13:10:00,2026-02-13 14:37:15,alice
CASE-0178,Lead Reviewed,2026-02-13 17:27:57,2026-02-13 20:55:51,grace
CASE-0178,Manager Approval,2026-02-13 22:32:51,2026-02-15 00:57:51,harry
CASE-0178,Proposal Sent,2026-02-15 02:38:41,2026-02-15 04:01:15,leo
CASE-0178,Deal Closed,2026-02-15 05:29:09,2026-02-15 05:59:16,nancy
CASE-0179,Lead Created,2025-12-19 14:31:00,2025-12-19 16:20:21,charlie
CASE-0179,Lead Reviewed,2025-12-19 17:11:39,2025-12-19 19:49:56,frank
CASE-0179,Manager Approval,2025-12-19 21:46:39,2025-12-20 02:43:16,harry
CASE-0179,Proposal Sent,2025-12-20 03:19:54,2025-12-20 04:14:18,jack
CASE-0179,Deal Closed,2025-12-20 05:32:06,2025-12-20 06:28:39,mike
CASE-0180,Lead Created,2026-03-09 10:56:00,2026-03-09 11:59:47,alice
CASE-0180,Lead Reviewed,2026-03-09 15:38:23,2026-03-09 18:16:51,eve
CASE-0180,Manager Approval,2026-03-09 21:14:39,2026-03-09 23:56:02,harry
CASE-0180,Proposal Sent,2026-03-10 01:24:52,2026-03-10 02:59:34,leo
CASE-0180,Deal Closed,2026-03-10 03:53:08,2026-03-10 05:43:12,mike
CASE-0181,Lead Created,2026-02-14 11:26:00,2026-02-14 12:58:44,charlie
CASE-0181,Lead Reviewed,2026-02-14 14:31:12,2026-02-14 17:30:06,eve
CASE-0181,Manager Approval,2026-02-14 19:25:52,2026-02-14 20:40:45,harry
CASE-0181,Proposal Sent,2026-02-14 21:11:06,2026-02-14 21:49:17,jack
CASE-0181,Deal Closed,2026-02-14 23:58:35,2026-02-15 00:55:05,nancy
CASE-0182,Lead Created,2026-02-26 08:13:00,2026-02-26 08:58:22,charlie
CASE-0182,Lead Reviewed,2026-02-26 11:07:49,2026-02-26 15:03:41,eve
CASE-0182,Manager Approval,2026-02-26 16:33:18,2026-02-26 19:05:49,isabella
CASE-0182,Proposal Sent,2026-02-26 20:24:47,2026-02-26 21:08:27,jack
CASE-0182,Deal Closed,2026-02-26 22:35:40,2026-02-26 23:39:04,mike
CASE-0183,Lead Created,2026-02-04 12:28:00,2026-02-04 13:39:51,bob
CASE-0183,Lead Reviewed,2026-02-04 16:08:20,2026-02-04 19:39:01,eve
CASE-0183,Manager Approval,2026-02-04 21:49:08,2026-02-06 02:57:24,isabella
CASE-0183,Proposal Sent,2026-02-06 04:20:28,2026-02-06 07:16:04,leo
CASE-0183,Deal Closed,2026-02-06 08:44:08,2026-02-06 09:19:38,nancy
CASE-0184,Lead Created,2025-12-19 15:36:00,2025-12-19 17:25:20,diana
CASE-0184,Lead Reviewed,2025-12-19 19:18:15,2025-12-19 21:12:03,grace
CASE-0184,Manager Approval,2025-12-19 23:07:44,2025-12-20 00:18:09,harry
CASE-0184,Proposal Sent,2025-12-20 01:56:17,2025-12-20 02:44:20,jack
CASE-0184,Deal Closed,2025-12-20 03:39:25,2025-12-20 05:34:49,mike
CASE-0185,Lead Created,2026-01-02 10:02:00,2026-01-02 11:10:06,diana
CASE-0185,Lead Reviewed,2026-01-02 14:32:50,2026-01-02 16:09:11,eve
CASE-0185,Manager Approval,2026-01-02 17:17:52,2026-01-02 22:28:06,harry
CASE-0185,Proposal Sent,2026-01-02 23:48:10,2026-01-03 00:31:13,leo
CASE-0185,Deal Closed,2026-01-03 01:42:39,2026-01-03 02:42:00,nancy
CASE-0186,Lead Created,2025-12-23 08:50:00,2025-12-23 10:23:02,diana
CASE-0186,Lead Reviewed,2025-12-23 11:24:27,2025-12-23 12:44:42,grace
CASE-0186,Manager Approval,2025-12-23 15:08:28,2025-12-23 19:04:51,harry
CASE-0186,Proposal Sent,2025-12-23 19:43:56,2025-12-23 21:38:20,kate
CASE-0186,Deal Closed,2025-12-24 00:20:21,2025-12-24 02:08:26,nancy
CASE-0187,Lead Created,2026-02-20 15:36:00,2026-02-20 17:00:48,alice
CASE-0187,Lead Reviewed,2026-02-20 18:55:25,2026-02-20 20:26:25,grace
CASE-0187,Manager Approval,2026-02-20 22:40:28,2026-02-22 22:44:33,isabella
CASE-0187,Proposal Sent,2026-02-22 23:18:59,2026-02-23 01:32:33,kate
CASE-0187,Deal Closed,2026-02-23 04:17:07,2026-02-23 06:09:59,mike
CASE-0188,Lead Created,2026-02-14 12:19:00,2026-02-14 13:14:13,diana
CASE-0188,Lead Reviewed,2026-02-14 16:08:03,2026-02-14 19:42:31,eve
CASE-0188,Manager Approval,2026-02-14 22:38:39,2026-02-15 00:18:58,isabella
CASE-0188,Proposal Sent,2026-02-15 01:26:29,2026-02-15 02:36:54,leo
CASE-0188,Deal Closed,2026-02-15 04:13:09,2026-02-15 04:51:11,nancy
CASE-0189,Lead Created,2026-01-08 16:55:00,2026-01-08 17:58:39,alice
CASE-0189,Lead Reviewed,2026-01-08 19:02:02,2026-01-08 21:34:47,frank
CASE-0189,Manager Approval,2026-01-08 23:05:17,2026-01-09 03:38:09,harry
CASE-0189,Proposal Sent,2026-01-09 05:26:55,2026-01-09 06:22:59,jack
CASE-0189,Deal Closed,2026-01-09 07:30:24,2026-01-09 09:15:44,nancy
CASE-0190,Lead Created,2026-03-11 13:45:00,2026-03-11 14:32:55,charlie
CASE-0190,Lead Reviewed,2026-03-11 16:48:59,2026-03-11 20:17:13,grace
CASE-0190,Manager Approval,2026-03-11 22:29:24,2026-03-13 09:42:06,isabella
CASE-0190,Proposal Sent,2026-03-13 11:30:26,2026-03-13 12:27:05,leo
CASE-0190,Deal Closed,2026-03-13 13:48:43,2026-03-13 15:08:20,nancy
CASE-0191,Lead Created,2026-01-08 09:18:00,2026-01-08 09:50:28,alice
CASE-0191,Lead Reviewed,2026-01-08 12:20:38,2026-01-08 13:49:58,eve
CASE-0191,Manager Approval,2026-01-08 15:57:04,2026-01-08 21:14:12,isabella
CASE-0191,Proposal Sent,2026-01-08 22:30:24,2026-01-09 00:38:08,leo
CASE-0191,Deal Closed,2026-01-09 03:24:52,2026-01-09 03:55:40,mike
CASE-0192,Lead Created,2026-01-21 08:14:00,2026-01-21 09:06:42,charlie
CASE-0192,Lead Reviewed,2026-01-21 12:05:40,2026-01-21 15:13:58,frank
CASE-0192,Manager Approval,2026-01-21 16:40:26,2026-01-22 16:51:54,isabella
CASE-0192,Proposal Sent,2026-01-22 18:08:45,2026-01-22 19:24:05,leo
CASE-0192,Deal Closed,2026-01-22 20:09:25,2026-01-22 21:15:10,nancy
CASE-0193,Lead Created,2026-01-24 17:38:00,2026-01-24 18:33:26,alice
CASE-0193,Lead Reviewed,2026-01-24 20:14:03,2026-01-24 22:40:46,frank
CASE-0193,Manager Approval,2026-01-25 01:19:59,2026-01-26 19:08:08,isabella
CASE-0193,Proposal Sent,2026-01-26 20:24:41,2026-01-26 21:22:56,jack
CASE-0193,Deal Closed,2026-01-26 23:53:45,2026-01-27 01:44:44,nancy
CASE-0194,Lead Created,2026-01-16 10:46:00,2026-01-16 11:18:17,diana
CASE-0194,Lead Reviewed,2026-01-16 12:42:46,2026-01-16 16:42:18,frank
CASE-0194,Manager Approval,2026-01-16 19:02:49,2026-01-16 22:04:12,harry
CASE-0194,Proposal Sent,2026-01-16 23:38:24,2026-01-17 00:59:52,leo
CASE-0194,Deal Closed,2026-01-17 03:27:37,2026-01-17 04:45:44,nancy
CASE-0195,Lead Created,2026-01-29 10:53:00,2026-01-29 12:22:11,bob
CASE-0195,Lead Reviewed,2026-01-29 14:31:02,2026-01-29 16:23:55,grace
CASE-0195,Manager Approval,2026-01-29 18:55:10,2026-01-29 21:12:46,harry
CASE-0195,Proposal Sent,2026-01-29 23:03:44,2026-01-30 01:55:46,leo
CASE-0195,Deal Closed,2026-01-30 03:19:04,2026-01-30 03:57:06,nancy
CASE-0196,Lead Created,2026-02-06 13:23:00,2026-02-06 14:16:27,charlie
CASE-0196,Lead Reviewed,2026-02-06 15:11:11,2026-02-06 17:34:39,eve
CASE-0196,Manager Approval,2026-02-06 19:32:11,2026-02-07 00:52:06,harry
CASE-0196,Proposal Sent,2026-02-07 01:39:37,2026-02-07 03:20:27,jack
CASE-0196,Deal Closed,2026-02-07 04:47:42,2026-02-07 06:35:46,nancy
CASE-0197,Lead Created,2026-02-07 10:08:00,2026-02-07 12:07:18,charlie
CASE-0197,Lead Reviewed,2026-02-07 14:36:53,2026-02-07 16:50:32,frank
CASE-0197,Manager Approval,2026-02-07 19:29:53,2026-02-08 12:07:25,isabella
CASE-0197,Proposal Sent,2026-02-08 12:53:20,2026-02-08 14:57:59,leo
CASE-0197,Deal Closed,2026-02-08 16:35:47,2026-02-08 17:11:01,mike
CASE-0198,Lead Created,2026-01-06 10:36:00,2026-01-06 12:14:48,diana
CASE-0198,Lead Reviewed,2026-01-06 15:28:33,2026-01-06 18:49:53,eve
CASE-0198,Manager Approval,2026-01-06 20:54:54,2026-01-07 00:59:15,isabella
CASE-0198,Proposal Sent,2026-01-07 01:32:39,2026-01-07 03:00:08,jack
CASE-0198,Deal Closed,2026-01-07 05:52:39,2026-01-07 07:28:25,nancy
CASE-0199,Lead Created,2026-01-07 16:12:00,2026-01-07 16:43:36,alice
CASE-0199,Lead Reviewed,2026-01-07 18:05:51,2026-01-07 20:58:40,grace
CASE-0199,Manager Approval,2026-01-07 22:15:28,2026-01-09 09:45:47,isabella
CASE-0199,Proposal Sent,2026-01-09 11:29:55,2026-01-09 12:24:59,kate
CASE-0199,Deal Closed,2026-01-09 14:03:22,2026-01-09 15:58:44,nancy
CASE-0200,Lead Created,2026-02-05 10:21:00,2026-02-05 12:20:39,diana
CASE-0200,Lead Reviewed,2026-02-05 13:30:13,2026-02-05 15:34:53,frank
CASE-0200,Manager Approval,2026-02-05 16:38:32,2026-02-05 17:44:16,harry
CASE-0200,Proposal Sent,2026-02-05 19:07:20,2026-02-05 21:27:27,jack
CASE-0200,Deal Closed,2026-02-05 23:44:07,2026-02-06 00:25:12,mike
CASE-0001,Lead Reviewed,2026-03-27 15:00:00,2026-03-27 16:00:00,grace
